STRUCTURE,STRUCTURE_ID,ACTION,FREQ,REF_AREA,INDICATOR,SEX,AGE,URBANISATION,UNIT_MEASURE,COMP_BREAKDOWN_1,COMP_BREAKDOWN_2,COMP_BREAKDOWN_3,AGG_METHOD,UNIT_TYPE,DECIMALS,DATABASE_ID,TIME_FORMAT,COMMENT_TS,UNIT_MULT,DATA_SOURCE,OBS_CONF,OBS_STATUS,FREQ_LABEL,REF_AREA_LABEL,INDICATOR_LABEL,SEX_LABEL,AGE_LABEL,URBANISATION_LABEL,UNIT_MEASURE_LABEL,COMP_BREAKDOWN_1_LABEL,COMP_BREAKDOWN_2_LABEL,COMP_BREAKDOWN_3_LABEL,AGG_METHOD_LABEL,UNIT_TYPE_LABEL,DECIMALS_LABEL,DATABASE_ID_LABEL,TIME_FORMAT_LABEL,UNIT_MULT_LABEL,OBS_STATUS_LABEL,OBS_CONF_LABEL,2005,2006,2007,2008,2009,2010,2011,2012,2013,2014,2015,2016,2017,2018,2019,2020,2021,2022,2023,2024
datastructure,WB.DATA360:DS_DATA360(1.3),I,A,MNG,WB_WDI_IQ_CPA_ENVR_XQ,_T,_T,_T,1_TO_6,_Z,_Z,_Z,_Z,IX,2,WB_WDI,P1Y,CPIA policy and institutions for environmental sustainability rating (1=low to 6=high),0,WB_WDI,PU,A,Annual,Mongolia,CPIA policy and institutions for environmental sustainability rating (1=low to 6=high),Total,All age ranges or no breakdown by age,Total,1-6 scale,Not Applicable,Not Applicable,Not Applicable,Not Applicable,Index,Two,World Development Indicators (WDI),Annual,Units,Normal value,Public,2.5,2.5,3.0,3.0,3.0,3.0,3.0,3.5,3.5,3.5,3.5,3.5,3.5,3.5,3.5,,,,,
datastructure,WB.DATA360:DS_DATA360(1.3),I,A,GUY,WB_WDI_IQ_CPA_ENVR_XQ,_T,_T,_T,1_TO_6,_Z,_Z,_Z,_Z,IX,2,WB_WDI,P1Y,CPIA policy and institutions for environmental sustainability rating (1=low to 6=high),0,WB_WDI,PU,A,Annual,Guyana,CPIA policy and institutions for environmental sustainability rating (1=low to 6=high),Total,All age ranges or no breakdown by age,Total,1-6 scale,Not Applicable,Not Applicable,Not Applicable,Not Applicable,Index,Two,World Development Indicators (WDI),Annual,Units,Normal value,Public,3.0,3.0,3.0,3.0,3.0,3.0,2.5,2.5,2.5,2.5,2.5,2.5,2.5,3.0,3.0,3.0,3.0,3.0,3.0,3.0
datastructure,WB.DATA360:DS_DATA360(1.3),I,A,OSS,WB_WDI_IQ_CPA_ENVR_XQ,_T,_T,_T,1_TO_6,_Z,_Z,_Z,_Z,IX,2,WB_WDI,P1Y,CPIA policy and institutions for environmental sustainability rating (1=low to 6=high),0,WB_WDI,PU,A,Annual,Other small states,CPIA policy and institutions for environmental sustainability rating (1=low to 6=high),Total,All age ranges or no breakdown by age,Total,1-6 scale,Not Applicable,Not Applicable,Not Applicable,Not Applicable,Index,Two,World Development Indicators (WDI),Annual,Units,Normal value,Public,3.3333333333333335,3.0714285714285716,3.142857142857143,3.142857142857143,3.2142857142857144,3.2857142857142856,3.142857142857143,3.142857142857143,3.142857142857143,3.142857142857143,3.0714285714285716,3.0714285714285716,3.0714285714285716,3.0714285714285716,3.2142857142857144,3.2142857142857144,3.142857142857143,3.2142857142857144,3.2142857142857144,3.25
datastructure,WB.DATA360:DS_DATA360(1.3),I,A,BDI,WB_WDI_IQ_CPA_ENVR_XQ,_T,_T,_T,1_TO_6,_Z,_Z,_Z,_Z,IX,2,WB_WDI,P1Y,CPIA policy and institutions for environmental sustainability rating (1=low to 6=high),0,WB_WDI,PU,A,Annual,Burundi,CPIA policy and institutions for environmental sustainability rating (1=low to 6=high),Total,All age ranges or no breakdown by age,Total,1-6 scale,Not Applicable,Not Applicable,Not Applicable,Not Applicable,Index,Two,World Development Indicators (WDI),Annual,Units,Normal value,Public,2.5,3.0,3.0,3.0,3.0,3.0,3.0,3.0,3.0,3.0,3.0,3.0,3.0,3.0,3.0,3.5,3.5,4.0,4.0,4.0
datastructure,WB.DATA360:DS_DATA360(1.3),I,A,SOM,WB_WDI_IQ_CPA_ENVR_XQ,_T,_T,_T,1_TO_6,_Z,_Z,_Z,_Z,IX,2,WB_WDI,P1Y,CPIA policy and institutions for environmental sustainability rating (1=low to 6=high),0,WB_WDI,PU,A,Annual,Federal Republic of Somalia,CPIA policy and institutions for environmental sustainability rating (1=low to 6=high),Total,All age ranges or no breakdown by age,Total,1-6 scale,Not Applicable,Not Applicable,Not Applicable,Not Applicable,Index,Two,World Development Indicators (WDI),Annual,Units,Normal value,Public,,,,,,,,,,,,,2.0,,2.0,2.0,2.0,2.0,2.5,2.5
datastructure,WB.DATA360:DS_DATA360(1.3),I,A,IDN,WB_WDI_IQ_CPA_ENVR_XQ,_T,_T,_T,1_TO_6,_Z,_Z,_Z,_Z,IX,2,WB_WDI,P1Y,CPIA policy and institutions for environmental sustainability rating (1=low to 6=high),0,WB_WDI,PU,A,Annual,Indonesia,CPIA policy and institutions for environmental sustainability rating (1=low to 6=high),Total,All age ranges or no breakdown by age,Total,1-6 scale,Not Applicable,Not Applicable,Not Applicable,Not Applicable,Index,Two,World Development Indicators (WDI),Annual,Units,Normal value,Public,2.5,3.0,,,,,,,,,,,,,,,,,,
datastructure,WB.DATA360:DS_DATA360(1.3),I,A,MLI,WB_WDI_IQ_CPA_ENVR_XQ,_T,_T,_T,1_TO_6,_Z,_Z,_Z,_Z,IX,2,WB_WDI,P1Y,CPIA policy and institutions for environmental sustainability rating (1=low to 6=high),0,WB_WDI,PU,A,Annual,Mali,CPIA policy and institutions for environmental sustainability rating (1=low to 6=high),Total,All age ranges or no breakdown by age,Total,1-6 scale,Not Applicable,Not Applicable,Not Applicable,Not Applicable,Index,Two,World Development Indicators (WDI),Annual,Units,Normal value,Public,3.0,3.0,3.5,3.0,3.0,3.0,3.5,3.5,3.5,4.0,4.0,3.5,3.5,3.5,3.5,3.5,3.0,3.0,3.0,3.0
datastructure,WB.DATA360:DS_DATA360(1.3),I,A,SSF,WB_WDI_IQ_CPA_ENVR_XQ,_T,_T,_T,1_TO_6,_Z,_Z,_Z,_Z,IX,2,WB_WDI,P1Y,CPIA policy and institutions for environmental sustainability rating (1=low to 6=high),0,WB_WDI,PU,A,Annual,Sub-Saharan Africa,CPIA policy and institutions for environmental sustainability rating (1=low to 6=high),Total,All age ranges or no breakdown by age,Total,1-6 scale,Not Applicable,Not Applicable,Not Applicable,Not Applicable,Index,Two,World Development Indicators (WDI),Annual,Units,Normal value,Public,3.054054054054054,2.9864864864864864,3.0,2.945945945945946,2.9210526315789473,2.986842105263158,3.1315789473684212,3.128205128205128,3.08974358974359,3.1710526315789473,3.223684210526316,3.1710526315789473,3.1794871794871793,3.210526315789474,3.230769230769231,3.2564102564102564,3.230769230769231,3.282051282051282,3.269230769230769,3.2875
datastructure,WB.DATA360:DS_DATA360(1.3),I,A,TGO,WB_WDI_IQ_CPA_ENVR_XQ,_T,_T,_T,1_TO_6,_Z,_Z,_Z,_Z,IX,2,WB_WDI,P1Y,CPIA policy and institutions for environmental sustainability rating (1=low to 6=high),0,WB_WDI,PU,A,Annual,Togo,CPIA policy and institutions for environmental sustainability rating (1=low to 6=high),Total,All age ranges or no breakdown by age,Total,1-6 scale,Not Applicable,Not Applicable,Not Applicable,Not Applicable,Index,Two,World Development Indicators (WDI),Annual,Units,Normal value,Public,2.5,2.5,2.5,2.5,2.5,2.5,2.5,2.5,2.5,3.0,3.5,4.0,4.0,4.0,4.0,4.0,4.0,4.5,4.5,4.5
datastructure,WB.DATA360:DS_DATA360(1.3),I,A,AZE,WB_WDI_IQ_CPA_ENVR_XQ,_T,_T,_T,1_TO_6,_Z,_Z,_Z,_Z,IX,2,WB_WDI,P1Y,CPIA policy and institutions for environmental sustainability rating (1=low to 6=high),0,WB_WDI,PU,A,Annual,Azerbaijan,CPIA policy and institutions for environmental sustainability rating (1=low to 6=high),Total,All age ranges or no breakdown by age,Total,1-6 scale,Not Applicable,Not Applicable,Not Applicable,Not Applicable,Index,Two,World Development Indicators (WDI),Annual,Units,Normal value,Public,3.0,3.0,3.0,3.0,3.0,3.0,,,,,,,,,,,,,,
datastructure,WB.DATA360:DS_DATA360(1.3),I,A,BFA,WB_WDI_IQ_CPA_ENVR_XQ,_T,_T,_T,1_TO_6,_Z,_Z,_Z,_Z,IX,2,WB_WDI,P1Y,CPIA policy and institutions for environmental sustainability rating (1=low to 6=high),0,WB_WDI,PU,A,Annual,Burkina Faso,CPIA policy and institutions for environmental sustainability rating (1=low to 6=high),Total,All age ranges or no breakdown by age,Total,1-6 scale,Not Applicable,Not Applicable,Not Applicable,Not Applicable,Index,Two,World Development Indicators (WDI),Annual,Units,Normal value,Public,3.5,3.5,3.5,3.5,3.5,3.5,4.0,4.0,4.0,4.0,4.0,4.0,4.0,4.0,4.0,4.0,4.0,4.0,4.0,4.0
datastructure,WB.DATA360:DS_DATA360(1.3),I,A,SST,WB_WDI_IQ_CPA_ENVR_XQ,_T,_T,_T,1_TO_6,_Z,_Z,_Z,_Z,IX,2,WB_WDI,P1Y,CPIA policy and institutions for environmental sustainability rating (1=low to 6=high),0,WB_WDI,PU,A,Annual,Small states,CPIA policy and institutions for environmental sustainability rating (1=low to 6=high),Total,All age ranges or no breakdown by age,Total,1-6 scale,Not Applicable,Not Applicable,Not Applicable,Not Applicable,Index,Two,World Development Indicators (WDI),Annual,Units,Normal value,Public,3.25,3.176470588235294,3.2058823529411766,3.2058823529411766,3.235294117647059,3.264705882352941,3.1578947368421053,3.175,3.175,3.175,3.15,3.125,3.125,3.15,3.2,3.2857142857142856,3.238095238095238,3.261904761904762,3.261904761904762,3.3125
datastructure,WB.DATA360:DS_DATA360(1.3),I,A,TON,WB_WDI_IQ_CPA_ENVR_XQ,_T,_T,_T,1_TO_6,_Z,_Z,_Z,_Z,IX,2,WB_WDI,P1Y,CPIA policy and institutions for environmental sustainability rating (1=low to 6=high),0,WB_WDI,PU,A,Annual,Tonga,CPIA policy and institutions for environmental sustainability rating (1=low to 6=high),Total,All age ranges or no breakdown by age,Total,1-6 scale,Not Applicable,Not Applicable,Not Applicable,Not Applicable,Index,Two,World Development Indicators (WDI),Annual,Units,Normal value,Public,3.0,3.0,3.0,3.0,3.0,3.0,3.0,3.0,3.0,3.0,3.0,3.0,3.0,3.0,3.0,3.0,3.0,3.0,3.0,3.0
datastructure,WB.DATA360:DS_DATA360(1.3),I,A,UZB,WB_WDI_IQ_CPA_ENVR_XQ,_T,_T,_T,1_TO_6,_Z,_Z,_Z,_Z,IX,2,WB_WDI,P1Y,CPIA policy and institutions for environmental sustainability rating (1=low to 6=high),0,WB_WDI,PU,A,Annual,Uzbekistan,CPIA policy and institutions for environmental sustainability rating (1=low to 6=high),Total,All age ranges or no breakdown by age,Total,1-6 scale,Not Applicable,Not Applicable,Not Applicable,Not Applicable,Index,Two,World Development Indicators (WDI),Annual,Units,Normal value,Public,3.5,3.5,3.5,3.5,3.5,3.5,3.5,3.5,3.5,3.5,3.5,3.5,3.5,3.5,3.5,3.5,3.5,3.5,3.5,3.5
datastructure,WB.DATA360:DS_DATA360(1.3),I,A,AFG,WB_WDI_IQ_CPA_ENVR_XQ,_T,_T,_T,1_TO_6,_Z,_Z,_Z,_Z,IX,2,WB_WDI,P1Y,CPIA policy and institutions for environmental sustainability rating (1=low to 6=high),0,WB_WDI,PU,A,Annual,Afghanistan,CPIA policy and institutions for environmental sustainability rating (1=low to 6=high),Total,All age ranges or no breakdown by age,Total,1-6 scale,Not Applicable,Not Applicable,Not Applicable,Not Applicable,Index,Two,World Development Indicators (WDI),Annual,Units,Normal value,Public,,2.0,2.0,2.5,2.5,2.5,2.5,2.5,2.5,2.5,2.5,2.5,2.5,2.5,2.5,2.5,,2.0,2.0,2.0
datastructure,WB.DATA360:DS_DATA360(1.3),I,A,ECS,WB_WDI_IQ_CPA_ENVR_XQ,_T,_T,_T,1_TO_6,_Z,_Z,_Z,_Z,IX,2,WB_WDI,P1Y,CPIA policy and institutions for environmental sustainability rating (1=low to 6=high),0,WB_WDI,PU,A,Annual,Europe & Central Asia,CPIA policy and institutions for environmental sustainability rating (1=low to 6=high),Total,All age ranges or no breakdown by age,Total,1-6 scale,Not Applicable,Not Applicable,Not Applicable,Not Applicable,Index,Two,World Development Indicators (WDI),Annual,Units,Normal value,Public,3.2,3.1,3.1875,3.1875,3.1666666666666665,3.2222222222222223,3.125,3.1875,3.1875,3.2,3.2,3.2,3.2,3.3,3.4,3.25,3.25,3.25,3.375,3.375
datastructure,WB.DATA360:DS_DATA360(1.3),I,A,ARB,WB_WDI_IQ_CPA_ENVR_XQ,_T,_T,_T,1_TO_6,_Z,_Z,_Z,_Z,IX,2,WB_WDI,P1Y,CPIA policy and institutions for environmental sustainability rating (1=low to 6=high),0,WB_WDI,PU,A,Annual,Arab World,CPIA policy and institutions for environmental sustainability rating (1=low to 6=high),Total,All age ranges or no breakdown by age,Total,1-6 scale,Not Applicable,Not Applicable,Not Applicable,Not Applicable,Index,Two,World Development Indicators (WDI),Annual,Units,Normal value,Public,2.8,2.8,2.8,2.8,2.8,2.8,2.7,2.6,2.7,2.7,2.7,2.7,2.5833333333333335,2.7,2.5,2.5,2.5,2.5,2.5833333333333335,2.5833333333333335
datastructure,WB.DATA360:DS_DATA360(1.3),I,A,ZWE,WB_WDI_IQ_CPA_ENVR_XQ,_T,_T,_T,1_TO_6,_Z,_Z,_Z,_Z,IX,2,WB_WDI,P1Y,CPIA policy and institutions for environmental sustainability rating (1=low to 6=high),0,WB_WDI,PU,A,Annual,Zimbabwe,CPIA policy and institutions for environmental sustainability rating (1=low to 6=high),Total,All age ranges or no breakdown by age,Total,1-6 scale,Not Applicable,Not Applicable,Not Applicable,Not Applicable,Index,Two,World Development Indicators (WDI),Annual,Units,Normal value,Public,2.5,2.5,2.5,2.0,2.0,2.0,3.0,3.0,3.0,3.0,3.5,4.0,4.0,4.0,4.0,4.0,4.0,4.0,4.0,4.0
datastructure,WB.DATA360:DS_DATA360(1.3),I,A,SWZ,WB_WDI_IQ_CPA_ENVR_XQ,_T,_T,_T,1_TO_6,_Z,_Z,_Z,_Z,IX,2,WB_WDI,P1Y,CPIA policy and institutions for environmental sustainability rating (1=low to 6=high),0,WB_WDI,PU,A,Annual,Eswatini,CPIA policy and institutions for environmental sustainability rating (1=low to 6=high),Total,All age ranges or no breakdown by age,Total,1-6 scale,Not Applicable,Not Applicable,Not Applicable,Not Applicable,Index,Two,World Development Indicators (WDI),Annual,Units,Normal value,Public,,,,,,,,,,,,,,,,,,,,3.5
datastructure,WB.DATA360:DS_DATA360(1.3),I,A,EAS,WB_WDI_IQ_CPA_ENVR_XQ,_T,_T,_T,1_TO_6,_Z,_Z,_Z,_Z,IX,2,WB_WDI,P1Y,CPIA policy and institutions for environmental sustainability rating (1=low to 6=high),0,WB_WDI,PU,A,Annual,East Asia & Pacific,CPIA policy and institutions for environmental sustainability rating (1=low to 6=high),Total,All age ranges or no breakdown by age,Total,1-6 scale,Not Applicable,Not Applicable,Not Applicable,Not Applicable,Index,Two,World Development Indicators (WDI),Annual,Units,Normal value,Public,2.8181818181818183,2.8333333333333335,2.9545454545454546,3.0,3.0,3.0,2.9615384615384617,3.0357142857142856,2.966666666666667,3.0,3.0,2.892857142857143,2.892857142857143,2.892857142857143,2.892857142857143,2.9642857142857144,2.9285714285714284,3.0,3.0,3.0
datastructure,WB.DATA360:DS_DATA360(1.3),I,A,NPL,WB_WDI_IQ_CPA_ENVR_XQ,_T,_T,_T,1_TO_6,_Z,_Z,_Z,_Z,IX,2,WB_WDI,P1Y,CPIA policy and institutions for environmental sustainability rating (1=low to 6=high),0,WB_WDI,PU,A,Annual,Nepal,CPIA policy and institutions for environmental sustainability rating (1=low to 6=high),Total,All age ranges or no breakdown by age,Total,1-6 scale,Not Applicable,Not Applicable,Not Applicable,Not Applicable,Index,Two,World Development Indicators (WDI),Annual,Units,Normal value,Public,3.0,3.0,3.0,3.0,3.5,3.5,3.5,3.5,3.5,3.5,3.5,3.5,3.5,3.5,3.5,3.5,3.5,3.5,3.5,3.5
datastructure,WB.DATA360:DS_DATA360(1.3),I,A,TSA,WB_WDI_IQ_CPA_ENVR_XQ,_T,_T,_T,1_TO_6,_Z,_Z,_Z,_Z,IX,2,WB_WDI,P1Y,CPIA policy and institutions for environmental sustainability rating (1=low to 6=high),0,WB_WDI,PU,A,Annual,South Asia (IDA & IBRD),CPIA policy and institutions for environmental sustainability rating (1=low to 6=high),Total,All age ranges or no breakdown by age,Total,1-6 scale,Not Applicable,Not Applicable,Not Applicable,Not Applicable,Index,Two,World Development Indicators (WDI),Annual,Units,Normal value,Public,3.5833333333333335,3.5833333333333335,3.5833333333333335,3.5833333333333335,3.6666666666666665,3.5833333333333335,3.3333333333333335,3.4166666666666665,3.5,3.4,3.3,3.5,3.375,3.375,3.6,3.625,3.5,3.5,3.5,3.4
datastructure,WB.DATA360:DS_DATA360(1.3),I,A,LCA,WB_WDI_IQ_CPA_ENVR_XQ,_T,_T,_T,1_TO_6,_Z,_Z,_Z,_Z,IX,2,WB_WDI,P1Y,CPIA policy and institutions for environmental sustainability rating (1=low to 6=high),0,WB_WDI,PU,A,Annual,St. Lucia,CPIA policy and institutions for environmental sustainability rating (1=low to 6=high),Total,All age ranges or no breakdown by age,Total,1-6 scale,Not Applicable,Not Applicable,Not Applicable,Not Applicable,Index,Two,World Development Indicators (WDI),Annual,Units,Normal value,Public,3.5,3.5,3.5,3.5,3.5,3.5,3.5,3.5,3.5,3.5,3.5,3.5,3.5,3.5,3.5,3.5,3.5,3.5,3.5,3.5
datastructure,WB.DATA360:DS_DATA360(1.3),I,A,ARM,WB_WDI_IQ_CPA_ENVR_XQ,_T,_T,_T,1_TO_6,_Z,_Z,_Z,_Z,IX,2,WB_WDI,P1Y,CPIA policy and institutions for environmental sustainability rating (1=low to 6=high),0,WB_WDI,PU,A,Annual,Armenia,CPIA policy and institutions for environmental sustainability rating (1=low to 6=high),Total,All age ranges or no breakdown by age,Total,1-6 scale,Not Applicable,Not Applicable,Not Applicable,Not Applicable,Index,Two,World Development Indicators (WDI),Annual,Units,Normal value,Public,3.5,3.5,3.5,3.0,3.0,3.0,3.0,3.0,3.0,,,,,,,,,,,
datastructure,WB.DATA360:DS_DATA360(1.3),I,A,NER,WB_WDI_IQ_CPA_ENVR_XQ,_T,_T,_T,1_TO_6,_Z,_Z,_Z,_Z,IX,2,WB_WDI,P1Y,CPIA policy and institutions for environmental sustainability rating (1=low to 6=high),0,WB_WDI,PU,A,Annual,Niger,CPIA policy and institutions for environmental sustainability rating (1=low to 6=high),Total,All age ranges or no breakdown by age,Total,1-6 scale,Not Applicable,Not Applicable,Not Applicable,Not Applicable,Index,Two,World Development Indicators (WDI),Annual,Units,Normal value,Public,3.0,3.0,3.0,3.0,3.0,3.5,4.0,4.0,3.5,3.5,3.5,3.5,3.0,3.0,3.5,3.5,3.0,3.0,3.5,3.5
datastructure,WB.DATA360:DS_DATA360(1.3),I,A,SDN,WB_WDI_IQ_CPA_ENVR_XQ,_T,_T,_T,1_TO_6,_Z,_Z,_Z,_Z,IX,2,WB_WDI,P1Y,CPIA policy and institutions for environmental sustainability rating (1=low to 6=high),0,WB_WDI,PU,A,Annual,Sudan,CPIA policy and institutions for environmental sustainability rating (1=low to 6=high),Total,All age ranges or no breakdown by age,Total,1-6 scale,Not Applicable,Not Applicable,Not Applicable,Not Applicable,Index,Two,World Development Indicators (WDI),Annual,Units,Normal value,Public,2.5,2.5,2.5,2.0,2.0,2.0,2.0,2.0,2.0,2.0,2.0,2.0,2.0,2.0,2.0,2.0,2.0,2.0,2.0,2.0
datastructure,WB.DATA360:DS_DATA360(1.3),I,A,RWA,WB_WDI_IQ_CPA_ENVR_XQ,_T,_T,_T,1_TO_6,_Z,_Z,_Z,_Z,IX,2,WB_WDI,P1Y,CPIA policy and institutions for environmental sustainability rating (1=low to 6=high),0,WB_WDI,PU,A,Annual,Rwanda,CPIA policy and institutions for environmental sustainability rating (1=low to 6=high),Total,All age ranges or no breakdown by age,Total,1-6 scale,Not Applicable,Not Applicable,Not Applicable,Not Applicable,Index,Two,World Development Indicators (WDI),Annual,Units,Normal value,Public,3.0,3.0,3.0,3.5,3.5,3.5,3.5,3.5,3.5,4.0,4.0,4.0,4.0,4.0,4.5,4.5,4.5,4.5,4.5,4.5
datastructure,WB.DATA360:DS_DATA360(1.3),I,A,ZMB,WB_WDI_IQ_CPA_ENVR_XQ,_T,_T,_T,1_TO_6,_Z,_Z,_Z,_Z,IX,2,WB_WDI,P1Y,CPIA policy and institutions for environmental sustainability rating (1=low to 6=high),0,WB_WDI,PU,A,Annual,Zambia,CPIA policy and institutions for environmental sustainability rating (1=low to 6=high),Total,All age ranges or no breakdown by age,Total,1-6 scale,Not Applicable,Not Applicable,Not Applicable,Not Applicable,Index,Two,World Development Indicators (WDI),Annual,Units,Normal value,Public,3.5,3.5,3.5,3.5,3.5,3.5,3.5,3.5,3.5,3.5,3.5,3.5,3.5,3.5,3.5,3.5,3.5,3.5,3.5,3.5
datastructure,WB.DATA360:DS_DATA360(1.3),I,A,LTE,WB_WDI_IQ_CPA_ENVR_XQ,_T,_T,_T,1_TO_6,_Z,_Z,_Z,_Z,IX,2,WB_WDI,P1Y,CPIA policy and institutions for environmental sustainability rating (1=low to 6=high),0,WB_WDI,PU,A,Annual,Late-demographic dividend,CPIA policy and institutions for environmental sustainability rating (1=low to 6=high),Total,All age ranges or no breakdown by age,Total,1-6 scale,Not Applicable,Not Applicable,Not Applicable,Not Applicable,Index,Two,World Development Indicators (WDI),Annual,Units,Normal value,Public,3.269230769230769,3.1538461538461537,3.272727272727273,3.227272727272727,3.227272727272727,3.227272727272727,3.1,3.15,3.15,3.25,3.25,3.25,3.25,3.4166666666666665,3.4285714285714284,3.5,3.4,3.4166666666666665,3.4166666666666665,3.3333333333333335
datastructure,WB.DATA360:DS_DATA360(1.3),I,A,IDX,WB_WDI_IQ_CPA_ENVR_XQ,_T,_T,_T,1_TO_6,_Z,_Z,_Z,_Z,IX,2,WB_WDI,P1Y,CPIA policy and institutions for environmental sustainability rating (1=low to 6=high),0,WB_WDI,PU,A,Annual,IDA only,CPIA policy and institutions for environmental sustainability rating (1=low to 6=high),Total,All age ranges or no breakdown by age,Total,1-6 scale,Not Applicable,Not Applicable,Not Applicable,Not Applicable,Index,Two,World Development Indicators (WDI),Annual,Units,Normal value,Public,3.0714285714285716,3.04,3.05,3.07,3.0673076923076925,3.105769230769231,3.1018518518518516,3.107142857142857,3.0701754385964914,3.1140350877192984,3.1315789473684212,3.0982142857142856,3.06140350877193,3.0892857142857144,3.1293103448275863,3.1491228070175437,3.1160714285714284,3.1293103448275863,3.1293103448275863,3.1379310344827585
datastructure,WB.DATA360:DS_DATA360(1.3),I,A,TLA,WB_WDI_IQ_CPA_ENVR_XQ,_T,_T,_T,1_TO_6,_Z,_Z,_Z,_Z,IX,2,WB_WDI,P1Y,CPIA policy and institutions for environmental sustainability rating (1=low to 6=high),0,WB_WDI,PU,A,Annual,Latin America & Caribbean (IDA & IBRD),CPIA policy and institutions for environmental sustainability rating (1=low to 6=high),Total,All age ranges or no breakdown by age,Total,1-6 scale,Not Applicable,Not Applicable,Not Applicable,Not Applicable,Index,Two,World Development Indicators (WDI),Annual,Units,Normal value,Public,3.2777777777777777,3.3333333333333335,3.3333333333333335,3.388888888888889,3.388888888888889,3.388888888888889,3.3333333333333335,3.3333333333333335,3.3333333333333335,3.3333333333333335,3.3333333333333335,3.3125,3.25,3.3125,3.3125,3.375,3.25,3.25,3.1875,3.3
datastructure,WB.DATA360:DS_DATA360(1.3),I,A,LBR,WB_WDI_IQ_CPA_ENVR_XQ,_T,_T,_T,1_TO_6,_Z,_Z,_Z,_Z,IX,2,WB_WDI,P1Y,CPIA policy and institutions for environmental sustainability rating (1=low to 6=high),0,WB_WDI,PU,A,Annual,Liberia,CPIA policy and institutions for environmental sustainability rating (1=low to 6=high),Total,All age ranges or no breakdown by age,Total,1-6 scale,Not Applicable,Not Applicable,Not Applicable,Not Applicable,Index,Two,World Development Indicators (WDI),Annual,Units,Normal value,Public,,,,,2.0,2.5,3.0,3.0,3.0,3.0,3.0,3.0,3.0,3.0,3.0,3.0,3.0,3.0,3.0,3.0
datastructure,WB.DATA360:DS_DATA360(1.3),I,A,BTN,WB_WDI_IQ_CPA_ENVR_XQ,_T,_T,_T,1_TO_6,_Z,_Z,_Z,_Z,IX,2,WB_WDI,P1Y,CPIA policy and institutions for environmental sustainability rating (1=low to 6=high),0,WB_WDI,PU,A,Annual,Bhutan,CPIA policy and institutions for environmental sustainability rating (1=low to 6=high),Total,All age ranges or no breakdown by age,Total,1-6 scale,Not Applicable,Not Applicable,Not Applicable,Not Applicable,Index,Two,World Development Indicators (WDI),Annual,Units,Normal value,Public,4.5,4.5,4.5,4.5,4.5,4.5,4.0,4.0,4.0,4.0,4.0,4.0,4.0,4.0,4.0,4.0,4.0,4.0,4.0,4.0
datastructure,WB.DATA360:DS_DATA360(1.3),I,A,SRB,WB_WDI_IQ_CPA_ENVR_XQ,_T,_T,_T,1_TO_6,_Z,_Z,_Z,_Z,IX,2,WB_WDI,P1Y,CPIA policy and institutions for environmental sustainability rating (1=low to 6=high),0,WB_WDI,PU,A,Annual,Serbia,CPIA policy and institutions for environmental sustainability rating (1=low to 6=high),Total,All age ranges or no breakdown by age,Total,1-6 scale,Not Applicable,Not Applicable,Not Applicable,Not Applicable,Index,Two,World Development Indicators (WDI),Annual,Units,Normal value,Public,3.5,2.0,,,,,,,,,,,,,,,,,,
datastructure,WB.DATA360:DS_DATA360(1.3),I,A,COD,WB_WDI_IQ_CPA_ENVR_XQ,_T,_T,_T,1_TO_6,_Z,_Z,_Z,_Z,IX,2,WB_WDI,P1Y,CPIA policy and institutions for environmental sustainability rating (1=low to 6=high),0,WB_WDI,PU,A,Annual,"Congo, Dem. Rep.",CPIA policy and institutions for environmental sustainability rating (1=low to 6=high),Total,All age ranges or no breakdown by age,Total,1-6 scale,Not Applicable,Not Applicable,Not Applicable,Not Applicable,Index,Two,World Development Indicators (WDI),Annual,Units,Normal value,Public,2.5,2.5,2.5,2.5,2.5,2.5,2.5,2.5,2.5,2.5,3.0,3.0,3.0,3.0,3.0,3.5,3.5,3.5,3.0,3.0
datastructure,WB.DATA360:DS_DATA360(1.3),I,A,PAK,WB_WDI_IQ_CPA_ENVR_XQ,_T,_T,_T,1_TO_6,_Z,_Z,_Z,_Z,IX,2,WB_WDI,P1Y,CPIA policy and institutions for environmental sustainability rating (1=low to 6=high),0,WB_WDI,PU,A,Annual,Pakistan,CPIA policy and institutions for environmental sustainability rating (1=low to 6=high),Total,All age ranges or no breakdown by age,Total,1-6 scale,Not Applicable,Not Applicable,Not Applicable,Not Applicable,Index,Two,World Development Indicators (WDI),Annual,Units,Normal value,Public,3.5,3.5,3.5,3.0,3.0,2.5,2.5,2.5,2.5,3.0,3.0,3.0,3.0,3.0,3.0,3.0,3.0,3.0,3.0,3.0
datastructure,WB.DATA360:DS_DATA360(1.3),I,A,UMC,WB_WDI_IQ_CPA_ENVR_XQ,_T,_T,_T,1_TO_6,_Z,_Z,_Z,_Z,IX,2,WB_WDI,P1Y,CPIA policy and institutions for environmental sustainability rating (1=low to 6=high),0,WB_WDI,PU,A,Annual,Upper middle income,CPIA policy and institutions for environmental sustainability rating (1=low to 6=high),Total,All age ranges or no breakdown by age,Total,1-6 scale,Not Applicable,Not Applicable,Not Applicable,Not Applicable,Index,Two,World Development Indicators (WDI),Annual,Units,Normal value,Public,3.3529411764705883,3.323529411764706,3.4642857142857144,3.4285714285714284,3.4,3.433333333333333,3.4,3.40625,3.40625,3.423076923076923,3.3846153846153846,3.3846153846153846,3.3846153846153846,3.3846153846153846,3.5,3.5416666666666665,3.4583333333333335,3.5,3.5,3.5357142857142856
datastructure,WB.DATA360:DS_DATA360(1.3),I,A,CPV,WB_WDI_IQ_CPA_ENVR_XQ,_T,_T,_T,1_TO_6,_Z,_Z,_Z,_Z,IX,2,WB_WDI,P1Y,CPIA policy and institutions for environmental sustainability rating (1=low to 6=high),0,WB_WDI,PU,A,Annual,Cabo Verde,CPIA policy and institutions for environmental sustainability rating (1=low to 6=high),Total,All age ranges or no breakdown by age,Total,1-6 scale,Not Applicable,Not Applicable,Not Applicable,Not Applicable,Index,Two,World Development Indicators (WDI),Annual,Units,Normal value,Public,4.0,3.5,3.5,3.5,3.5,3.5,3.5,3.0,3.0,3.0,3.0,3.0,3.5,3.5,3.5,3.5,3.5,4.0,4.0,4.0
datastructure,WB.DATA360:DS_DATA360(1.3),I,A,COG,WB_WDI_IQ_CPA_ENVR_XQ,_T,_T,_T,1_TO_6,_Z,_Z,_Z,_Z,IX,2,WB_WDI,P1Y,CPIA policy and institutions for environmental sustainability rating (1=low to 6=high),0,WB_WDI,PU,A,Annual,"Congo, Rep.",CPIA policy and institutions for environmental sustainability rating (1=low to 6=high),Total,All age ranges or no breakdown by age,Total,1-6 scale,Not Applicable,Not Applicable,Not Applicable,Not Applicable,Index,Two,World Development Indicators (WDI),Annual,Units,Normal value,Public,3.0,2.5,2.5,2.5,2.5,2.5,3.0,3.0,3.0,3.0,3.0,2.5,2.5,2.5,2.5,2.5,2.5,2.5,2.5,2.5
datastructure,WB.DATA360:DS_DATA360(1.3),I,A,ECA,WB_WDI_IQ_CPA_ENVR_XQ,_T,_T,_T,1_TO_6,_Z,_Z,_Z,_Z,IX,2,WB_WDI,P1Y,CPIA policy and institutions for environmental sustainability rating (1=low to 6=high),0,WB_WDI,PU,A,Annual,Europe & Central Asia (excluding high income),CPIA policy and institutions for environmental sustainability rating (1=low to 6=high),Total,All age ranges or no breakdown by age,Total,1-6 scale,Not Applicable,Not Applicable,Not Applicable,Not Applicable,Index,Two,World Development Indicators (WDI),Annual,Units,Normal value,Public,3.2,3.1,3.1875,3.1875,3.1666666666666665,3.2222222222222223,3.125,3.1875,3.1875,3.2,3.2,3.2,3.2,3.3,3.4,3.25,3.25,3.25,3.375,3.375
datastructure,WB.DATA360:DS_DATA360(1.3),I,A,GRD,WB_WDI_IQ_CPA_ENVR_XQ,_T,_T,_T,1_TO_6,_Z,_Z,_Z,_Z,IX,2,WB_WDI,P1Y,CPIA policy and institutions for environmental sustainability rating (1=low to 6=high),0,WB_WDI,PU,A,Annual,Grenada,CPIA policy and institutions for environmental sustainability rating (1=low to 6=high),Total,All age ranges or no breakdown by age,Total,1-6 scale,Not Applicable,Not Applicable,Not Applicable,Not Applicable,Index,Two,World Development Indicators (WDI),Annual,Units,Normal value,Public,4.0,4.0,4.0,4.0,4.0,4.0,4.0,4.0,4.0,4.0,4.0,4.0,4.0,4.0,4.0,4.0,4.0,4.0,4.0,4.0
datastructure,WB.DATA360:DS_DATA360(1.3),I,A,CSS,WB_WDI_IQ_CPA_ENVR_XQ,_T,_T,_T,1_TO_6,_Z,_Z,_Z,_Z,IX,2,WB_WDI,P1Y,CPIA policy and institutions for environmental sustainability rating (1=low to 6=high),0,WB_WDI,PU,A,Annual,Caribbean small states,CPIA policy and institutions for environmental sustainability rating (1=low to 6=high),Total,All age ranges or no breakdown by age,Total,1-6 scale,Not Applicable,Not Applicable,Not Applicable,Not Applicable,Index,Two,World Development Indicators (WDI),Annual,Units,Normal value,Public,3.4,3.5,3.5,3.5,3.5,3.5,3.4,3.4,3.4,3.4,3.4,3.4,3.4,3.5,3.5,3.6,3.5,3.5,3.5,3.5714285714285716
datastructure,WB.DATA360:DS_DATA360(1.3),I,A,SEN,WB_WDI_IQ_CPA_ENVR_XQ,_T,_T,_T,1_TO_6,_Z,_Z,_Z,_Z,IX,2,WB_WDI,P1Y,CPIA policy and institutions for environmental sustainability rating (1=low to 6=high),0,WB_WDI,PU,A,Annual,Senegal,CPIA policy and institutions for environmental sustainability rating (1=low to 6=high),Total,All age ranges or no breakdown by age,Total,1-6 scale,Not Applicable,Not Applicable,Not Applicable,Not Applicable,Index,Two,World Development Indicators (WDI),Annual,Units,Normal value,Public,3.5,3.5,3.5,3.5,3.5,3.5,3.5,3.5,3.5,3.5,3.5,3.5,3.5,3.5,3.5,3.5,3.5,3.5,3.5,3.5
datastructure,WB.DATA360:DS_DATA360(1.3),I,A,VUT,WB_WDI_IQ_CPA_ENVR_XQ,_T,_T,_T,1_TO_6,_Z,_Z,_Z,_Z,IX,2,WB_WDI,P1Y,CPIA policy and institutions for environmental sustainability rating (1=low to 6=high),0,WB_WDI,PU,A,Annual,Vanuatu,CPIA policy and institutions for environmental sustainability rating (1=low to 6=high),Total,All age ranges or no breakdown by age,Total,1-6 scale,Not Applicable,Not Applicable,Not Applicable,Not Applicable,Index,Two,World Development Indicators (WDI),Annual,Units,Normal value,Public,3.0,3.0,3.0,3.0,3.0,3.0,3.0,3.0,3.0,3.5,3.5,3.5,3.5,3.5,3.5,3.5,3.5,3.5,3.5,3.5
datastructure,WB.DATA360:DS_DATA360(1.3),I,A,LAC,WB_WDI_IQ_CPA_ENVR_XQ,_T,_T,_T,1_TO_6,_Z,_Z,_Z,_Z,IX,2,WB_WDI,P1Y,CPIA policy and institutions for environmental sustainability rating (1=low to 6=high),0,WB_WDI,PU,A,Annual,Latin America & Caribbean (excluding high income),CPIA policy and institutions for environmental sustainability rating (1=low to 6=high),Total,All age ranges or no breakdown by age,Total,1-6 scale,Not Applicable,Not Applicable,Not Applicable,Not Applicable,Index,Two,World Development Indicators (WDI),Annual,Units,Normal value,Public,3.3125,3.375,3.375,3.4375,3.4375,3.4375,3.4375,3.4375,3.4375,3.4375,3.4375,3.4285714285714284,3.357142857142857,3.357142857142857,3.357142857142857,3.4285714285714284,3.2857142857142856,3.2857142857142856,3.2142857142857144,3.3333333333333335
datastructure,WB.DATA360:DS_DATA360(1.3),I,A,UGA,WB_WDI_IQ_CPA_ENVR_XQ,_T,_T,_T,1_TO_6,_Z,_Z,_Z,_Z,IX,2,WB_WDI,P1Y,CPIA policy and institutions for environmental sustainability rating (1=low to 6=high),0,WB_WDI,PU,A,Annual,Uganda,CPIA policy and institutions for environmental sustainability rating (1=low to 6=high),Total,All age ranges or no breakdown by age,Total,1-6 scale,Not Applicable,Not Applicable,Not Applicable,Not Applicable,Index,Two,World Development Indicators (WDI),Annual,Units,Normal value,Public,4.0,4.0,4.0,4.0,4.0,4.0,3.5,3.5,3.5,3.5,3.5,3.5,3.5,3.5,3.5,3.5,3.5,3.5,3.5,3.5
datastructure,WB.DATA360:DS_DATA360(1.3),I,A,MRT,WB_WDI_IQ_CPA_ENVR_XQ,_T,_T,_T,1_TO_6,_Z,_Z,_Z,_Z,IX,2,WB_WDI,P1Y,CPIA policy and institutions for environmental sustainability rating (1=low to 6=high),0,WB_WDI,PU,A,Annual,Mauritania,CPIA policy and institutions for environmental sustainability rating (1=low to 6=high),Total,All age ranges or no breakdown by age,Total,1-6 scale,Not Applicable,Not Applicable,Not Applicable,Not Applicable,Index,Two,World Development Indicators (WDI),Annual,Units,Normal value,Public,3.5,3.5,3.5,3.5,3.0,3.0,3.0,2.5,3.0,3.0,3.0,3.0,3.5,3.5,3.0,3.0,3.0,3.0,3.0,3.0
datastructure,WB.DATA360:DS_DATA360(1.3),I,A,PRE,WB_WDI_IQ_CPA_ENVR_XQ,_T,_T,_T,1_TO_6,_Z,_Z,_Z,_Z,IX,2,WB_WDI,P1Y,CPIA policy and institutions for environmental sustainability rating (1=low to 6=high),0,WB_WDI,PU,A,Annual,Pre-demographic dividend,CPIA policy and institutions for environmental sustainability rating (1=low to 6=high),Total,All age ranges or no breakdown by age,Total,1-6 scale,Not Applicable,Not Applicable,Not Applicable,Not Applicable,Index,Two,World Development Indicators (WDI),Annual,Units,Normal value,Public,3.033333333333333,2.890625,2.921875,2.90625,2.878787878787879,2.9393939393939394,3.015151515151515,3.014705882352941,2.9705882352941178,3.0454545454545454,3.0757575757575757,3.015151515151515,3.014705882352941,3.0454545454545454,3.0588235294117645,3.088235294117647,3.090909090909091,3.088235294117647,3.073529411764706,3.088235294117647
datastructure,WB.DATA360:DS_DATA360(1.3),I,A,IDB,WB_WDI_IQ_CPA_ENVR_XQ,_T,_T,_T,1_TO_6,_Z,_Z,_Z,_Z,IX,2,WB_WDI,P1Y,CPIA policy and institutions for environmental sustainability rating (1=low to 6=high),0,WB_WDI,PU,A,Annual,IDA blend,CPIA policy and institutions for environmental sustainability rating (1=low to 6=high),Total,All age ranges or no breakdown by age,Total,1-6 scale,Not Applicable,Not Applicable,Not Applicable,Not Applicable,Index,Two,World Development Indicators (WDI),Annual,Units,Normal value,Public,3.2142857142857144,3.033333333333333,3.1,3.033333333333333,3.033333333333333,3.0,3.1,3.1,3.1,3.1333333333333333,3.1666666666666665,3.1666666666666665,3.2333333333333334,3.2666666666666666,3.3,3.375,3.34375,3.4375,3.40625,3.4210526315789473
datastructure,WB.DATA360:DS_DATA360(1.3),I,A,IND,WB_WDI_IQ_CPA_ENVR_XQ,_T,_T,_T,1_TO_6,_Z,_Z,_Z,_Z,IX,2,WB_WDI,P1Y,CPIA policy and institutions for environmental sustainability rating (1=low to 6=high),0,WB_WDI,PU,A,Annual,India,CPIA policy and institutions for environmental sustainability rating (1=low to 6=high),Total,All age ranges or no breakdown by age,Total,1-6 scale,Not Applicable,Not Applicable,Not Applicable,Not Applicable,Index,Two,World Development Indicators (WDI),Annual,Units,Normal value,Public,3.5,3.5,3.5,3.5,3.5,3.5,3.5,4.0,4.0,,,,,,,,,,,
datastructure,WB.DATA360:DS_DATA360(1.3),I,A,KHM,WB_WDI_IQ_CPA_ENVR_XQ,_T,_T,_T,1_TO_6,_Z,_Z,_Z,_Z,IX,2,WB_WDI,P1Y,CPIA policy and institutions for environmental sustainability rating (1=low to 6=high),0,WB_WDI,PU,A,Annual,Cambodia,CPIA policy and institutions for environmental sustainability rating (1=low to 6=high),Total,All age ranges or no breakdown by age,Total,1-6 scale,Not Applicable,Not Applicable,Not Applicable,Not Applicable,Index,Two,World Development Indicators (WDI),Annual,Units,Normal value,Public,2.5,3.0,3.0,3.0,3.0,3.0,3.0,3.0,3.0,3.0,3.0,3.0,3.0,3.0,3.0,3.0,3.0,3.5,3.5,3.5
datastructure,WB.DATA360:DS_DATA360(1.3),I,A,KEN,WB_WDI_IQ_CPA_ENVR_XQ,_T,_T,_T,1_TO_6,_Z,_Z,_Z,_Z,IX,2,WB_WDI,P1Y,CPIA policy and institutions for environmental sustainability rating (1=low to 6=high),0,WB_WDI,PU,A,Annual,Kenya,CPIA policy and institutions for environmental sustainability rating (1=low to 6=high),Total,All age ranges or no breakdown by age,Total,1-6 scale,Not Applicable,Not Applicable,Not Applicable,Not Applicable,Index,Two,World Development Indicators (WDI),Annual,Units,Normal value,Public,3.0,3.0,3.5,3.5,3.5,3.5,3.5,3.5,3.5,3.5,3.5,3.5,3.5,3.5,3.5,3.5,4.0,4.0,4.0,3.5
datastructure,WB.DATA360:DS_DATA360(1.3),I,A,TEA,WB_WDI_IQ_CPA_ENVR_XQ,_T,_T,_T,1_TO_6,_Z,_Z,_Z,_Z,IX,2,WB_WDI,P1Y,CPIA policy and institutions for environmental sustainability rating (1=low to 6=high),0,WB_WDI,PU,A,Annual,East Asia & Pacific (IDA & IBRD),CPIA policy and institutions for environmental sustainability rating (1=low to 6=high),Total,All age ranges or no breakdown by age,Total,1-6 scale,Not Applicable,Not Applicable,Not Applicable,Not Applicable,Index,Two,World Development Indicators (WDI),Annual,Units,Normal value,Public,2.8181818181818183,2.8333333333333335,2.9545454545454546,3.0,3.0,3.0,2.9615384615384617,3.0357142857142856,2.966666666666667,3.0,3.0,2.892857142857143,2.892857142857143,2.892857142857143,2.892857142857143,2.9642857142857144,2.9285714285714284,3.0,3.0,3.0
datastructure,WB.DATA360:DS_DATA360(1.3),I,A,AFW,WB_WDI_IQ_CPA_ENVR_XQ,_T,_T,_T,1_TO_6,_Z,_Z,_Z,_Z,IX,2,WB_WDI,P1Y,CPIA policy and institutions for environmental sustainability rating (1=low to 6=high),0,WB_WDI,PU,A,Annual,Western & Central Africa,CPIA policy and institutions for environmental sustainability rating (1=low to 6=high),Total,All age ranges or no breakdown by age,Total,1-6 scale,Not Applicable,Not Applicable,Not Applicable,Not Applicable,Index,Two,World Development Indicators (WDI),Annual,Units,Normal value,Public,3.1052631578947367,2.9473684210526314,2.9473684210526314,2.9210526315789473,2.9,2.975,3.175,3.175,3.125,3.225,3.275,3.225,3.275,3.3,3.375,3.375,3.325,3.375,3.375,3.45
datastructure,WB.DATA360:DS_DATA360(1.3),I,A,CAF,WB_WDI_IQ_CPA_ENVR_XQ,_T,_T,_T,1_TO_6,_Z,_Z,_Z,_Z,IX,2,WB_WDI,P1Y,CPIA policy and institutions for environmental sustainability rating (1=low to 6=high),0,WB_WDI,PU,A,Annual,Central African Republic,CPIA policy and institutions for environmental sustainability rating (1=low to 6=high),Total,All age ranges or no breakdown by age,Total,1-6 scale,Not Applicable,Not Applicable,Not Applicable,Not Applicable,Index,Two,World Development Indicators (WDI),Annual,Units,Normal value,Public,2.5,2.5,2.5,2.5,3.0,3.0,3.0,3.0,2.0,2.0,2.5,2.5,2.5,2.5,2.5,2.5,2.5,2.0,2.0,2.5
datastructure,WB.DATA360:DS_DATA360(1.3),I,A,WLD,WB_WDI_IQ_CPA_ENVR_XQ,_T,_T,_T,1_TO_6,_Z,_Z,_Z,_Z,IX,2,WB_WDI,P1Y,CPIA policy and institutions for environmental sustainability rating (1=low to 6=high),0,WB_WDI,PU,A,Annual,World,CPIA policy and institutions for environmental sustainability rating (1=low to 6=high),Total,All age ranges or no breakdown by age,Total,1-6 scale,Not Applicable,Not Applicable,Not Applicable,Not Applicable,Index,Two,World Development Indicators (WDI),Annual,Units,Normal value,Public,3.111842105263158,3.0576923076923075,3.0933333333333333,3.0866666666666664,3.0844155844155843,3.1103896103896105,3.121794871794872,3.1375,3.111111111111111,3.151315789473684,3.1710526315789473,3.1301369863013697,3.114864864864865,3.143835616438356,3.18,3.1986301369863015,3.1666666666666665,3.195945945945946,3.189189189189189,3.207792207792208
datastructure,WB.DATA360:DS_DATA360(1.3),I,A,KGZ,WB_WDI_IQ_CPA_ENVR_XQ,_T,_T,_T,1_TO_6,_Z,_Z,_Z,_Z,IX,2,WB_WDI,P1Y,CPIA policy and institutions for environmental sustainability rating (1=low to 6=high),0,WB_WDI,PU,A,Annual,Kyrgyz Republic,CPIA policy and institutions for environmental sustainability rating (1=low to 6=high),Total,All age ranges or no breakdown by age,Total,1-6 scale,Not Applicable,Not Applicable,Not Applicable,Not Applicable,Index,Two,World Development Indicators (WDI),Annual,Units,Normal value,Public,3.0,3.0,3.0,3.0,3.0,3.0,2.5,2.5,2.5,2.5,2.5,2.5,2.5,3.0,3.0,3.0,3.0,3.0,3.0,3.0
datastructure,WB.DATA360:DS_DATA360(1.3),I,A,SLE,WB_WDI_IQ_CPA_ENVR_XQ,_T,_T,_T,1_TO_6,_Z,_Z,_Z,_Z,IX,2,WB_WDI,P1Y,CPIA policy and institutions for environmental sustainability rating (1=low to 6=high),0,WB_WDI,PU,A,Annual,Sierra Leone,CPIA policy and institutions for environmental sustainability rating (1=low to 6=high),Total,All age ranges or no breakdown by age,Total,1-6 scale,Not Applicable,Not Applicable,Not Applicable,Not Applicable,Index,Two,World Development Indicators (WDI),Annual,Units,Normal value,Public,2.5,2.0,2.0,2.0,2.5,2.5,3.0,3.0,3.0,3.5,3.5,3.0,3.0,3.0,3.0,3.0,3.5,3.5,3.5,3.5
datastructure,WB.DATA360:DS_DATA360(1.3),I,A,EAR,WB_WDI_IQ_CPA_ENVR_XQ,_T,_T,_T,1_TO_6,_Z,_Z,_Z,_Z,IX,2,WB_WDI,P1Y,CPIA policy and institutions for environmental sustainability rating (1=low to 6=high),0,WB_WDI,PU,A,Annual,Early-demographic dividend,CPIA policy and institutions for environmental sustainability rating (1=low to 6=high),Total,All age ranges or no breakdown by age,Total,1-6 scale,Not Applicable,Not Applicable,Not Applicable,Not Applicable,Index,Two,World Development Indicators (WDI),Annual,Units,Normal value,Public,3.15,3.183333333333333,3.206896551724138,3.2241379310344827,3.2586206896551726,3.2413793103448274,3.2333333333333334,3.25,3.225806451612903,3.2333333333333334,3.25,3.2241379310344827,3.189655172413793,3.189655172413793,3.2413793103448274,3.2586206896551726,3.189655172413793,3.2586206896551726,3.2586206896551726,3.296875
datastructure,WB.DATA360:DS_DATA360(1.3),I,A,KIR,WB_WDI_IQ_CPA_ENVR_XQ,_T,_T,_T,1_TO_6,_Z,_Z,_Z,_Z,IX,2,WB_WDI,P1Y,CPIA policy and institutions for environmental sustainability rating (1=low to 6=high),0,WB_WDI,PU,A,Annual,Kiribati,CPIA policy and institutions for environmental sustainability rating (1=low to 6=high),Total,All age ranges or no breakdown by age,Total,1-6 scale,Not Applicable,Not Applicable,Not Applicable,Not Applicable,Index,Two,World Development Indicators (WDI),Annual,Units,Normal value,Public,3.0,3.0,3.0,3.0,3.0,3.0,3.0,3.0,3.0,3.0,3.0,3.0,3.0,3.0,3.0,3.0,3.0,3.0,3.0,3.0
datastructure,WB.DATA360:DS_DATA360(1.3),I,A,MDV,WB_WDI_IQ_CPA_ENVR_XQ,_T,_T,_T,1_TO_6,_Z,_Z,_Z,_Z,IX,2,WB_WDI,P1Y,CPIA policy and institutions for environmental sustainability rating (1=low to 6=high),0,WB_WDI,PU,A,Annual,Maldives,CPIA policy and institutions for environmental sustainability rating (1=low to 6=high),Total,All age ranges or no breakdown by age,Total,1-6 scale,Not Applicable,Not Applicable,Not Applicable,Not Applicable,Index,Two,World Development Indicators (WDI),Annual,Units,Normal value,Public,4.0,4.0,4.0,4.0,4.0,4.0,4.0,4.0,4.0,4.0,3.5,3.5,3.0,3.0,4.0,4.0,3.5,3.5,3.5,3.5
datastructure,WB.DATA360:DS_DATA360(1.3),I,A,IBD,WB_WDI_IQ_CPA_ENVR_XQ,_T,_T,_T,1_TO_6,_Z,_Z,_Z,_Z,IX,2,WB_WDI,P1Y,CPIA policy and institutions for environmental sustainability rating (1=low to 6=high),0,WB_WDI,PU,A,Annual,IBRD only,CPIA policy and institutions for environmental sustainability rating (1=low to 6=high),Total,All age ranges or no breakdown by age,Total,1-6 scale,Not Applicable,Not Applicable,Not Applicable,Not Applicable,Index,Two,World Development Indicators (WDI),Annual,Units,Normal value,Public,3.1538461538461537,3.1538461538461537,3.3,3.25,3.25,3.3,3.2777777777777777,3.388888888888889,3.388888888888889,3.75,3.75,3.75,3.75,3.75,3.75,,,,,
datastructure,WB.DATA360:DS_DATA360(1.3),I,A,SAS,WB_WDI_IQ_CPA_ENVR_XQ,_T,_T,_T,1_TO_6,_Z,_Z,_Z,_Z,IX,2,WB_WDI,P1Y,CPIA policy and institutions for environmental sustainability rating (1=low to 6=high),0,WB_WDI,PU,A,Annual,South Asia,CPIA policy and institutions for environmental sustainability rating (1=low to 6=high),Total,All age ranges or no breakdown by age,Total,1-6 scale,Not Applicable,Not Applicable,Not Applicable,Not Applicable,Index,Two,World Development Indicators (WDI),Annual,Units,Normal value,Public,3.5833333333333335,3.5833333333333335,3.5833333333333335,3.5833333333333335,3.6666666666666665,3.5833333333333335,3.3333333333333335,3.4166666666666665,3.5,3.4,3.3,3.5,3.375,3.375,3.6,3.625,3.5,3.5,3.5,3.4
datastructure,WB.DATA360:DS_DATA360(1.3),I,A,BLZ,WB_WDI_IQ_CPA_ENVR_XQ,_T,_T,_T,1_TO_6,_Z,_Z,_Z,_Z,IX,2,WB_WDI,P1Y,CPIA policy and institutions for environmental sustainability rating (1=low to 6=high),0,WB_WDI,PU,A,Annual,Belize,CPIA policy and institutions for environmental sustainability rating (1=low to 6=high),Total,All age ranges or no breakdown by age,Total,1-6 scale,Not Applicable,Not Applicable,Not Applicable,Not Applicable,Index,Two,World Development Indicators (WDI),Annual,Units,Normal value,Public,,,,,,,,,,,,,,,,,,,,4.5
datastructure,WB.DATA360:DS_DATA360(1.3),I,A,GEO,WB_WDI_IQ_CPA_ENVR_XQ,_T,_T,_T,1_TO_6,_Z,_Z,_Z,_Z,IX,2,WB_WDI,P1Y,CPIA policy and institutions for environmental sustainability rating (1=low to 6=high),0,WB_WDI,PU,A,Annual,Georgia,CPIA policy and institutions for environmental sustainability rating (1=low to 6=high),Total,All age ranges or no breakdown by age,Total,1-6 scale,Not Applicable,Not Applicable,Not Applicable,Not Applicable,Index,Two,World Development Indicators (WDI),Annual,Units,Normal value,Public,3.5,3.5,3.0,3.0,3.0,3.0,3.0,3.0,3.0,,,,,,,,,,,
datastructure,WB.DATA360:DS_DATA360(1.3),I,A,MDG,WB_WDI_IQ_CPA_ENVR_XQ,_T,_T,_T,1_TO_6,_Z,_Z,_Z,_Z,IX,2,WB_WDI,P1Y,CPIA policy and institutions for environmental sustainability rating (1=low to 6=high),0,WB_WDI,PU,A,Annual,Madagascar,CPIA policy and institutions for environmental sustainability rating (1=low to 6=high),Total,All age ranges or no breakdown by age,Total,1-6 scale,Not Applicable,Not Applicable,Not Applicable,Not Applicable,Index,Two,World Development Indicators (WDI),Annual,Units,Normal value,Public,4.0,4.0,4.0,4.0,3.5,3.5,3.5,3.0,3.0,3.0,3.0,3.0,3.0,3.0,3.0,3.0,3.0,3.0,3.0,3.0
datastructure,WB.DATA360:DS_DATA360(1.3),I,A,SSA,WB_WDI_IQ_CPA_ENVR_XQ,_T,_T,_T,1_TO_6,_Z,_Z,_Z,_Z,IX,2,WB_WDI,P1Y,CPIA policy and institutions for environmental sustainability rating (1=low to 6=high),0,WB_WDI,PU,A,Annual,Sub-Saharan Africa (excluding high income),CPIA policy and institutions for environmental sustainability rating (1=low to 6=high),Total,All age ranges or no breakdown by age,Total,1-6 scale,Not Applicable,Not Applicable,Not Applicable,Not Applicable,Index,Two,World Development Indicators (WDI),Annual,Units,Normal value,Public,3.0416666666666665,2.9722222222222223,2.986111111111111,2.9444444444444446,2.918918918918919,2.9864864864864864,3.1216216216216215,3.1184210526315788,3.0789473684210527,3.1621621621621623,3.2027027027027026,3.1621621621621623,3.1710526315789473,3.2027027027027026,3.223684210526316,3.25,3.236842105263158,3.276315789473684,3.263157894736842,3.282051282051282
datastructure,WB.DATA360:DS_DATA360(1.3),I,A,PSS,WB_WDI_IQ_CPA_ENVR_XQ,_T,_T,_T,1_TO_6,_Z,_Z,_Z,_Z,IX,2,WB_WDI,P1Y,CPIA policy and institutions for environmental sustainability rating (1=low to 6=high),0,WB_WDI,PU,A,Annual,Pacific island small states,CPIA policy and institutions for environmental sustainability rating (1=low to 6=high),Total,All age ranges or no breakdown by age,Total,1-6 scale,Not Applicable,Not Applicable,Not Applicable,Not Applicable,Index,Two,World Development Indicators (WDI),Annual,Units,Normal value,Public,3.0,3.0,3.0,3.0,3.0,3.0,3.0,3.0625,3.0625,3.0625,3.0625,3.0,3.0,3.0,3.0,3.1666666666666665,3.1666666666666665,3.1666666666666665,3.1666666666666665,3.1666666666666665
datastructure,WB.DATA360:DS_DATA360(1.3),I,A,AGO,WB_WDI_IQ_CPA_ENVR_XQ,_T,_T,_T,1_TO_6,_Z,_Z,_Z,_Z,IX,2,WB_WDI,P1Y,CPIA policy and institutions for environmental sustainability rating (1=low to 6=high),0,WB_WDI,PU,A,Annual,Angola,CPIA policy and institutions for environmental sustainability rating (1=low to 6=high),Total,All age ranges or no breakdown by age,Total,1-6 scale,Not Applicable,Not Applicable,Not Applicable,Not Applicable,Index,Two,World Development Indicators (WDI),Annual,Units,Normal value,Public,2.5,3.0,3.0,3.0,3.0,3.0,2.5,2.5,2.5,,,,,,,,,,,
datastructure,WB.DATA360:DS_DATA360(1.3),I,A,CMR,WB_WDI_IQ_CPA_ENVR_XQ,_T,_T,_T,1_TO_6,_Z,_Z,_Z,_Z,IX,2,WB_WDI,P1Y,CPIA policy and institutions for environmental sustainability rating (1=low to 6=high),0,WB_WDI,PU,A,Annual,Cameroon,CPIA policy and institutions for environmental sustainability rating (1=low to 6=high),Total,All age ranges or no breakdown by age,Total,1-6 scale,Not Applicable,Not Applicable,Not Applicable,Not Applicable,Index,Two,World Development Indicators (WDI),Annual,Units,Normal value,Public,4.0,3.0,3.0,3.0,3.0,3.0,3.0,3.0,3.0,3.0,3.0,3.0,3.0,3.5,3.5,3.5,3.5,3.5,3.5,3.5
datastructure,WB.DATA360:DS_DATA360(1.3),I,A,LCN,WB_WDI_IQ_CPA_ENVR_XQ,_T,_T,_T,1_TO_6,_Z,_Z,_Z,_Z,IX,2,WB_WDI,P1Y,CPIA policy and institutions for environmental sustainability rating (1=low to 6=high),0,WB_WDI,PU,A,Annual,Latin America & Caribbean,CPIA policy and institutions for environmental sustainability rating (1=low to 6=high),Total,All age ranges or no breakdown by age,Total,1-6 scale,Not Applicable,Not Applicable,Not Applicable,Not Applicable,Index,Two,World Development Indicators (WDI),Annual,Units,Normal value,Public,3.2777777777777777,3.3333333333333335,3.3333333333333335,3.388888888888889,3.388888888888889,3.388888888888889,3.3333333333333335,3.3333333333333335,3.3333333333333335,3.3333333333333335,3.3333333333333335,3.3125,3.25,3.3125,3.3125,3.375,3.25,3.25,3.1875,3.3
datastructure,WB.DATA360:DS_DATA360(1.3),I,A,TJK,WB_WDI_IQ_CPA_ENVR_XQ,_T,_T,_T,1_TO_6,_Z,_Z,_Z,_Z,IX,2,WB_WDI,P1Y,CPIA policy and institutions for environmental sustainability rating (1=low to 6=high),0,WB_WDI,PU,A,Annual,Tajikistan,CPIA policy and institutions for environmental sustainability rating (1=low to 6=high),Total,All age ranges or no breakdown by age,Total,1-6 scale,Not Applicable,Not Applicable,Not Applicable,Not Applicable,Index,Two,World Development Indicators (WDI),Annual,Units,Normal value,Public,2.5,2.5,2.5,3.0,3.0,3.0,3.0,3.0,3.0,3.0,3.0,3.0,3.0,3.0,3.0,3.0,3.0,3.0,3.5,3.5
datastructure,WB.DATA360:DS_DATA360(1.3),I,A,LAO,WB_WDI_IQ_CPA_ENVR_XQ,_T,_T,_T,1_TO_6,_Z,_Z,_Z,_Z,IX,2,WB_WDI,P1Y,CPIA policy and institutions for environmental sustainability rating (1=low to 6=high),0,WB_WDI,PU,A,Annual,Lao PDR,CPIA policy and institutions for environmental sustainability rating (1=low to 6=high),Total,All age ranges or no breakdown by age,Total,1-6 scale,Not Applicable,Not Applicable,Not Applicable,Not Applicable,Index,Two,World Development Indicators (WDI),Annual,Units,Normal value,Public,3.5,3.5,3.5,4.0,4.0,4.0,4.0,4.0,3.5,3.5,3.5,3.5,3.5,3.5,3.5,3.5,3.5,3.5,3.5,3.5
datastructure,WB.DATA360:DS_DATA360(1.3),I,A,TMN,WB_WDI_IQ_CPA_ENVR_XQ,_T,_T,_T,1_TO_6,_Z,_Z,_Z,_Z,IX,2,WB_WDI,P1Y,CPIA policy and institutions for environmental sustainability rating (1=low to 6=high),0,WB_WDI,PU,A,Annual,"Middle East, North Africa, Afghanistan & Pakistan (IDA & IBRD)",CPIA policy and institutions for environmental sustainability rating (1=low to 6=high),Total,All age ranges or no breakdown by age,Total,1-6 scale,Not Applicable,Not Applicable,Not Applicable,Not Applicable,Index,Two,World Development Indicators (WDI),Annual,Units,Normal value,Public,3.1666666666666665,2.875,2.875,3.0,3.125,3.0,2.75,2.625,2.625,2.75,2.75,2.75,2.625,2.625,2.625,2.625,2.6666666666666665,2.5,2.5,2.5
datastructure,WB.DATA360:DS_DATA360(1.3),I,A,DMA,WB_WDI_IQ_CPA_ENVR_XQ,_T,_T,_T,1_TO_6,_Z,_Z,_Z,_Z,IX,2,WB_WDI,P1Y,CPIA policy and institutions for environmental sustainability rating (1=low to 6=high),0,WB_WDI,PU,A,Annual,Dominica,CPIA policy and institutions for environmental sustainability rating (1=low to 6=high),Total,All age ranges or no breakdown by age,Total,1-6 scale,Not Applicable,Not Applicable,Not Applicable,Not Applicable,Index,Two,World Development Indicators (WDI),Annual,Units,Normal value,Public,3.0,3.5,3.5,3.5,3.5,3.5,3.5,3.5,3.5,3.5,3.5,3.5,3.5,3.5,3.5,3.5,3.5,3.5,3.5,3.5
datastructure,WB.DATA360:DS_DATA360(1.3),I,A,GHA,WB_WDI_IQ_CPA_ENVR_XQ,_T,_T,_T,1_TO_6,_Z,_Z,_Z,_Z,IX,2,WB_WDI,P1Y,CPIA policy and institutions for environmental sustainability rating (1=low to 6=high),0,WB_WDI,PU,A,Annual,Ghana,CPIA policy and institutions for environmental sustainability rating (1=low to 6=high),Total,All age ranges or no breakdown by age,Total,1-6 scale,Not Applicable,Not Applicable,Not Applicable,Not Applicable,Index,Two,World Development Indicators (WDI),Annual,Units,Normal value,Public,3.5,3.5,3.5,3.5,3.5,3.5,3.5,4.0,4.0,4.0,4.0,4.0,4.0,4.0,4.0,4.0,4.0,4.0,4.0,4.0
datastructure,WB.DATA360:DS_DATA360(1.3),I,A,LKA,WB_WDI_IQ_CPA_ENVR_XQ,_T,_T,_T,1_TO_6,_Z,_Z,_Z,_Z,IX,2,WB_WDI,P1Y,CPIA policy and institutions for environmental sustainability rating (1=low to 6=high),0,WB_WDI,PU,A,Annual,Sri Lanka,CPIA policy and institutions for environmental sustainability rating (1=low to 6=high),Total,All age ranges or no breakdown by age,Total,1-6 scale,Not Applicable,Not Applicable,Not Applicable,Not Applicable,Index,Two,World Development Indicators (WDI),Annual,Units,Normal value,Public,3.5,3.5,3.5,3.5,3.5,3.0,2.5,2.5,2.5,2.5,2.5,,,,3.5,,,3.5,3.5,3.0
datastructure,WB.DATA360:DS_DATA360(1.3),I,A,ALB,WB_WDI_IQ_CPA_ENVR_XQ,_T,_T,_T,1_TO_6,_Z,_Z,_Z,_Z,IX,2,WB_WDI,P1Y,CPIA policy and institutions for environmental sustainability rating (1=low to 6=high),0,WB_WDI,PU,A,Annual,Albania,CPIA policy and institutions for environmental sustainability rating (1=low to 6=high),Total,All age ranges or no breakdown by age,Total,1-6 scale,Not Applicable,Not Applicable,Not Applicable,Not Applicable,Index,Two,World Development Indicators (WDI),Annual,Units,Normal value,Public,3.0,3.0,,,,,,,,,,,,,,,,,,
datastructure,WB.DATA360:DS_DATA360(1.3),I,A,HPC,WB_WDI_IQ_CPA_ENVR_XQ,_T,_T,_T,1_TO_6,_Z,_Z,_Z,_Z,IX,2,WB_WDI,P1Y,CPIA policy and institutions for environmental sustainability rating (1=low to 6=high),0,WB_WDI,PU,A,Annual,Heavily indebted poor countries (HIPC),CPIA policy and institutions for environmental sustainability rating (1=low to 6=high),Total,All age ranges or no breakdown by age,Total,1-6 scale,Not Applicable,Not Applicable,Not Applicable,Not Applicable,Index,Two,World Development Indicators (WDI),Annual,Units,Normal value,Public,3.0694444444444446,2.9594594594594597,2.9594594594594597,2.9594594594594597,2.9342105263157894,3.0,3.0921052631578947,3.1184210526315788,3.0921052631578947,3.1578947368421053,3.1973684210526314,3.1486486486486487,3.1315789473684212,3.175675675675676,3.1973684210526314,3.223684210526316,3.189189189189189,3.1973684210526314,3.1842105263157894,3.210526315789474
datastructure,WB.DATA360:DS_DATA360(1.3),I,A,YEM,WB_WDI_IQ_CPA_ENVR_XQ,_T,_T,_T,1_TO_6,_Z,_Z,_Z,_Z,IX,2,WB_WDI,P1Y,CPIA policy and institutions for environmental sustainability rating (1=low to 6=high),0,WB_WDI,PU,A,Annual,"Yemen, Rep.",CPIA policy and institutions for environmental sustainability rating (1=low to 6=high),Total,All age ranges or no breakdown by age,Total,1-6 scale,Not Applicable,Not Applicable,Not Applicable,Not Applicable,Index,Two,World Development Indicators (WDI),Annual,Units,Normal value,Public,3.0,3.0,3.0,3.5,3.5,3.5,3.5,3.0,3.0,3.0,3.0,3.0,2.5,2.5,2.5,2.5,2.5,2.5,2.5,2.5
datastructure,WB.DATA360:DS_DATA360(1.3),I,A,LMC,WB_WDI_IQ_CPA_ENVR_XQ,_T,_T,_T,1_TO_6,_Z,_Z,_Z,_Z,IX,2,WB_WDI,P1Y,CPIA policy and institutions for environmental sustainability rating (1=low to 6=high),0,WB_WDI,PU,A,Annual,Lower middle income,CPIA policy and institutions for environmental sustainability rating (1=low to 6=high),Total,All age ranges or no breakdown by age,Total,1-6 scale,Not Applicable,Not Applicable,Not Applicable,Not Applicable,Index,Two,World Development Indicators (WDI),Annual,Units,Normal value,Public,3.0657894736842106,3.0384615384615383,3.0641025641025643,3.0641025641025643,3.076923076923077,3.0641025641025643,3.0375,3.1125,3.1097560975609757,3.1538461538461537,3.1538461538461537,3.125,3.1527777777777777,3.1666666666666665,3.189189189189189,3.1944444444444446,3.1666666666666665,3.2162162162162162,3.2027027027027026,3.1973684210526314
datastructure,WB.DATA360:DS_DATA360(1.3),I,A,COM,WB_WDI_IQ_CPA_ENVR_XQ,_T,_T,_T,1_TO_6,_Z,_Z,_Z,_Z,IX,2,WB_WDI,P1Y,CPIA policy and institutions for environmental sustainability rating (1=low to 6=high),0,WB_WDI,PU,A,Annual,Comoros,CPIA policy and institutions for environmental sustainability rating (1=low to 6=high),Total,All age ranges or no breakdown by age,Total,1-6 scale,Not Applicable,Not Applicable,Not Applicable,Not Applicable,Index,Two,World Development Indicators (WDI),Annual,Units,Normal value,Public,2.0,2.0,2.0,2.0,2.0,2.0,2.5,3.0,3.0,3.0,3.0,3.0,3.0,3.0,3.0,3.0,3.0,3.0,3.0,3.0
datastructure,WB.DATA360:DS_DATA360(1.3),I,A,LDC,WB_WDI_IQ_CPA_ENVR_XQ,_T,_T,_T,1_TO_6,_Z,_Z,_Z,_Z,IX,2,WB_WDI,P1Y,CPIA policy and institutions for environmental sustainability rating (1=low to 6=high),0,WB_WDI,PU,A,Annual,Least developed countries: UN classification,CPIA policy and institutions for environmental sustainability rating (1=low to 6=high),Total,All age ranges or no breakdown by age,Total,1-6 scale,Not Applicable,Not Applicable,Not Applicable,Not Applicable,Index,Two,World Development Indicators (WDI),Annual,Units,Normal value,Public,2.972972972972973,2.923076923076923,2.948717948717949,2.948717948717949,2.95,3.0,3.025,3.011904761904762,2.9651162790697674,3.0357142857142856,3.0714285714285716,3.0238095238095237,3.0,3.011904761904762,3.0232558139534884,3.046511627906977,3.0238095238095237,3.0348837209302326,3.0232558139534884,3.046511627906977
datastructure,WB.DATA360:DS_DATA360(1.3),I,A,TEC,WB_WDI_IQ_CPA_ENVR_XQ,_T,_T,_T,1_TO_6,_Z,_Z,_Z,_Z,IX,2,WB_WDI,P1Y,CPIA policy and institutions for environmental sustainability rating (1=low to 6=high),0,WB_WDI,PU,A,Annual,Europe & Central Asia (IDA & IBRD),CPIA policy and institutions for environmental sustainability rating (1=low to 6=high),Total,All age ranges or no breakdown by age,Total,1-6 scale,Not Applicable,Not Applicable,Not Applicable,Not Applicable,Index,Two,World Development Indicators (WDI),Annual,Units,Normal value,Public,3.2,3.1,3.1875,3.1875,3.1666666666666665,3.2222222222222223,3.125,3.1875,3.1875,3.2,3.2,3.2,3.2,3.3,3.4,3.25,3.25,3.25,3.375,3.375
datastructure,WB.DATA360:DS_DATA360(1.3),I,A,ERI,WB_WDI_IQ_CPA_ENVR_XQ,_T,_T,_T,1_TO_6,_Z,_Z,_Z,_Z,IX,2,WB_WDI,P1Y,CPIA policy and institutions for environmental sustainability rating (1=low to 6=high),0,WB_WDI,PU,A,Annual,Eritrea,CPIA policy and institutions for environmental sustainability rating (1=low to 6=high),Total,All age ranges or no breakdown by age,Total,1-6 scale,Not Applicable,Not Applicable,Not Applicable,Not Applicable,Index,Two,World Development Indicators (WDI),Annual,Units,Normal value,Public,3.0,2.0,2.0,2.0,2.0,2.0,2.0,2.0,2.0,2.0,2.0,2.0,2.0,2.0,2.0,2.0,2.0,2.0,2.0,2.0
datastructure,WB.DATA360:DS_DATA360(1.3),I,A,TSS,WB_WDI_IQ_CPA_ENVR_XQ,_T,_T,_T,1_TO_6,_Z,_Z,_Z,_Z,IX,2,WB_WDI,P1Y,CPIA policy and institutions for environmental sustainability rating (1=low to 6=high),0,WB_WDI,PU,A,Annual,Sub-Saharan Africa (IDA & IBRD),CPIA policy and institutions for environmental sustainability rating (1=low to 6=high),Total,All age ranges or no breakdown by age,Total,1-6 scale,Not Applicable,Not Applicable,Not Applicable,Not Applicable,Index,Two,World Development Indicators (WDI),Annual,Units,Normal value,Public,3.054054054054054,2.9864864864864864,3.0,2.945945945945946,2.9210526315789473,2.986842105263158,3.1315789473684212,3.128205128205128,3.08974358974359,3.1710526315789473,3.223684210526316,3.1710526315789473,3.1794871794871793,3.210526315789474,3.230769230769231,3.2564102564102564,3.230769230769231,3.282051282051282,3.269230769230769,3.2875
datastructure,WB.DATA360:DS_DATA360(1.3),I,A,GNB,WB_WDI_IQ_CPA_ENVR_XQ,_T,_T,_T,1_TO_6,_Z,_Z,_Z,_Z,IX,2,WB_WDI,P1Y,CPIA policy and institutions for environmental sustainability rating (1=low to 6=high),0,WB_WDI,PU,A,Annual,Guinea-Bissau,CPIA policy and institutions for environmental sustainability rating (1=low to 6=high),Total,All age ranges or no breakdown by age,Total,1-6 scale,Not Applicable,Not Applicable,Not Applicable,Not Applicable,Index,Two,World Development Indicators (WDI),Annual,Units,Normal value,Public,3.0,2.5,2.5,2.5,2.5,3.0,3.0,2.5,2.5,2.5,2.5,2.5,2.5,2.5,2.5,2.5,2.5,3.0,3.0,3.0
datastructure,WB.DATA360:DS_DATA360(1.3),I,A,LMY,WB_WDI_IQ_CPA_ENVR_XQ,_T,_T,_T,1_TO_6,_Z,_Z,_Z,_Z,IX,2,WB_WDI,P1Y,CPIA policy and institutions for environmental sustainability rating (1=low to 6=high),0,WB_WDI,PU,A,Annual,Low & middle income,CPIA policy and institutions for environmental sustainability rating (1=low to 6=high),Total,All age ranges or no breakdown by age,Total,1-6 scale,Not Applicable,Not Applicable,Not Applicable,Not Applicable,Index,Two,World Development Indicators (WDI),Annual,Units,Normal value,Public,3.108108108108108,3.0526315789473686,3.089041095890411,3.089041095890411,3.0866666666666664,3.1133333333333333,3.125,3.141025641025641,3.1139240506329116,3.1554054054054053,3.168918918918919,3.1338028169014085,3.1180555555555554,3.140845070422535,3.1780821917808217,3.1971830985915495,3.1714285714285713,3.1944444444444446,3.1875,3.2066666666666666
datastructure,WB.DATA360:DS_DATA360(1.3),I,A,HIC,WB_WDI_IQ_CPA_ENVR_XQ,_T,_T,_T,1_TO_6,_Z,_Z,_Z,_Z,IX,2,WB_WDI,P1Y,CPIA policy and institutions for environmental sustainability rating (1=low to 6=high),0,WB_WDI,PU,A,Annual,High income,CPIA policy and institutions for environmental sustainability rating (1=low to 6=high),Total,All age ranges or no breakdown by age,Total,1-6 scale,Not Applicable,Not Applicable,Not Applicable,Not Applicable,Index,Two,World Development Indicators (WDI),Annual,Units,Normal value,Public,3.0,3.0,3.0,3.0,3.0,3.0,2.5,2.5,2.5,2.5,2.5,2.5,2.5,3.0,3.0,3.0,3.0,3.0,3.0,3.0
datastructure,WB.DATA360:DS_DATA360(1.3),I,A,TUV,WB_WDI_IQ_CPA_ENVR_XQ,_T,_T,_T,1_TO_6,_Z,_Z,_Z,_Z,IX,2,WB_WDI,P1Y,CPIA policy and institutions for environmental sustainability rating (1=low to 6=high),0,WB_WDI,PU,A,Annual,Tuvalu,CPIA policy and institutions for environmental sustainability rating (1=low to 6=high),Total,All age ranges or no breakdown by age,Total,1-6 scale,Not Applicable,Not Applicable,Not Applicable,Not Applicable,Index,Two,World Development Indicators (WDI),Annual,Units,Normal value,Public,,,,,,,,3.0,3.0,3.0,3.0,3.0,3.0,3.0,3.0,3.0,3.0,3.0,3.0,3.0
datastructure,WB.DATA360:DS_DATA360(1.3),I,A,PNG,WB_WDI_IQ_CPA_ENVR_XQ,_T,_T,_T,1_TO_6,_Z,_Z,_Z,_Z,IX,2,WB_WDI,P1Y,CPIA policy and institutions for environmental sustainability rating (1=low to 6=high),0,WB_WDI,PU,A,Annual,Papua New Guinea,CPIA policy and institutions for environmental sustainability rating (1=low to 6=high),Total,All age ranges or no breakdown by age,Total,1-6 scale,Not Applicable,Not Applicable,Not Applicable,Not Applicable,Index,Two,World Development Indicators (WDI),Annual,Units,Normal value,Public,1.5,1.5,2.0,2.0,2.0,2.0,2.0,2.0,2.0,2.0,2.0,2.0,2.0,2.0,2.0,2.0,2.0,2.5,2.5,2.5
datastructure,WB.DATA360:DS_DATA360(1.3),I,A,LSO,WB_WDI_IQ_CPA_ENVR_XQ,_T,_T,_T,1_TO_6,_Z,_Z,_Z,_Z,IX,2,WB_WDI,P1Y,CPIA policy and institutions for environmental sustainability rating (1=low to 6=high),0,WB_WDI,PU,A,Annual,Lesotho,CPIA policy and institutions for environmental sustainability rating (1=low to 6=high),Total,All age ranges or no breakdown by age,Total,1-6 scale,Not Applicable,Not Applicable,Not Applicable,Not Applicable,Index,Two,World Development Indicators (WDI),Annual,Units,Normal value,Public,3.0,3.5,3.5,3.0,3.0,3.0,3.5,3.5,3.5,3.5,3.5,3.5,3.5,3.5,3.5,3.5,3.5,3.5,3.5,3.5
datastructure,WB.DATA360:DS_DATA360(1.3),I,A,EAP,WB_WDI_IQ_CPA_ENVR_XQ,_T,_T,_T,1_TO_6,_Z,_Z,_Z,_Z,IX,2,WB_WDI,P1Y,CPIA policy and institutions for environmental sustainability rating (1=low to 6=high),0,WB_WDI,PU,A,Annual,East Asia & Pacific (excluding high income),CPIA policy and institutions for environmental sustainability rating (1=low to 6=high),Total,All age ranges or no breakdown by age,Total,1-6 scale,Not Applicable,Not Applicable,Not Applicable,Not Applicable,Index,Two,World Development Indicators (WDI),Annual,Units,Normal value,Public,2.8181818181818183,2.8333333333333335,2.9545454545454546,3.0,3.0,3.0,2.9615384615384617,3.0357142857142856,2.966666666666667,3.0,3.0,2.892857142857143,2.892857142857143,2.892857142857143,2.892857142857143,2.9642857142857144,2.9285714285714284,3.0,3.0,3.0
datastructure,WB.DATA360:DS_DATA360(1.3),I,A,BOL,WB_WDI_IQ_CPA_ENVR_XQ,_T,_T,_T,1_TO_6,_Z,_Z,_Z,_Z,IX,2,WB_WDI,P1Y,CPIA policy and institutions for environmental sustainability rating (1=low to 6=high),0,WB_WDI,PU,A,Annual,Bolivia,CPIA policy and institutions for environmental sustainability rating (1=low to 6=high),Total,All age ranges or no breakdown by age,Total,1-6 scale,Not Applicable,Not Applicable,Not Applicable,Not Applicable,Index,Two,World Development Indicators (WDI),Annual,Units,Normal value,Public,3.5,3.5,3.5,3.5,3.5,3.5,3.5,3.5,3.5,3.5,3.5,,,,,,,,,
datastructure,WB.DATA360:DS_DATA360(1.3),I,A,MNA,WB_WDI_IQ_CPA_ENVR_XQ,_T,_T,_T,1_TO_6,_Z,_Z,_Z,_Z,IX,2,WB_WDI,P1Y,CPIA policy and institutions for environmental sustainability rating (1=low to 6=high),0,WB_WDI,PU,A,Annual,"Middle East, North Africa, Afghanistan & Pakistan (excluding high income)",CPIA policy and institutions for environmental sustainability rating (1=low to 6=high),Total,All age ranges or no breakdown by age,Total,1-6 scale,Not Applicable,Not Applicable,Not Applicable,Not Applicable,Index,Two,World Development Indicators (WDI),Annual,Units,Normal value,Public,3.1666666666666665,2.875,2.875,3.0,3.125,3.0,2.75,2.625,2.625,2.75,2.75,2.75,2.625,2.625,2.625,2.625,2.6666666666666665,2.5,2.5,2.5
datastructure,WB.DATA360:DS_DATA360(1.3),I,A,VNM,WB_WDI_IQ_CPA_ENVR_XQ,_T,_T,_T,1_TO_6,_Z,_Z,_Z,_Z,IX,2,WB_WDI,P1Y,CPIA policy and institutions for environmental sustainability rating (1=low to 6=high),0,WB_WDI,PU,A,Annual,Vietnam,CPIA policy and institutions for environmental sustainability rating (1=low to 6=high),Total,All age ranges or no breakdown by age,Total,1-6 scale,Not Applicable,Not Applicable,Not Applicable,Not Applicable,Index,Two,World Development Indicators (WDI),Annual,Units,Normal value,Public,3.5,3.5,3.5,3.5,3.5,3.5,3.5,3.5,3.5,4.0,4.0,,,,,,,,,
datastructure,WB.DATA360:DS_DATA360(1.3),I,A,FJI,WB_WDI_IQ_CPA_ENVR_XQ,_T,_T,_T,1_TO_6,_Z,_Z,_Z,_Z,IX,2,WB_WDI,P1Y,CPIA policy and institutions for environmental sustainability rating (1=low to 6=high),0,WB_WDI,PU,A,Annual,Fiji,CPIA policy and institutions for environmental sustainability rating (1=low to 6=high),Total,All age ranges or no breakdown by age,Total,1-6 scale,Not Applicable,Not Applicable,Not Applicable,Not Applicable,Index,Two,World Development Indicators (WDI),Annual,Units,Normal value,Public,,,,,,,,,,,,,,,,4.0,4.0,4.0,4.0,4.0
datastructure,WB.DATA360:DS_DATA360(1.3),I,A,BGD,WB_WDI_IQ_CPA_ENVR_XQ,_T,_T,_T,1_TO_6,_Z,_Z,_Z,_Z,IX,2,WB_WDI,P1Y,CPIA policy and institutions for environmental sustainability rating (1=low to 6=high),0,WB_WDI,PU,A,Annual,Bangladesh,CPIA policy and institutions for environmental sustainability rating (1=low to 6=high),Total,All age ranges or no breakdown by age,Total,1-6 scale,Not Applicable,Not Applicable,Not Applicable,Not Applicable,Index,Two,World Development Indicators (WDI),Annual,Units,Normal value,Public,3.0,3.0,3.0,3.0,3.0,3.0,2.5,2.5,3.0,3.0,3.0,3.0,3.0,3.0,3.0,3.0,3.0,3.0,3.0,3.0
datastructure,WB.DATA360:DS_DATA360(1.3),I,A,CIV,WB_WDI_IQ_CPA_ENVR_XQ,_T,_T,_T,1_TO_6,_Z,_Z,_Z,_Z,IX,2,WB_WDI,P1Y,CPIA policy and institutions for environmental sustainability rating (1=low to 6=high),0,WB_WDI,PU,A,Annual,Côte d’Ivoire,CPIA policy and institutions for environmental sustainability rating (1=low to 6=high),Total,All age ranges or no breakdown by age,Total,1-6 scale,Not Applicable,Not Applicable,Not Applicable,Not Applicable,Index,Two,World Development Indicators (WDI),Annual,Units,Normal value,Public,3.0,3.0,2.5,2.5,2.5,2.5,2.5,3.0,3.0,3.0,3.0,3.0,3.5,3.5,4.0,4.0,3.5,4.0,4.0,4.0
datastructure,WB.DATA360:DS_DATA360(1.3),I,A,HND,WB_WDI_IQ_CPA_ENVR_XQ,_T,_T,_T,1_TO_6,_Z,_Z,_Z,_Z,IX,2,WB_WDI,P1Y,CPIA policy and institutions for environmental sustainability rating (1=low to 6=high),0,WB_WDI,PU,A,Annual,Honduras,CPIA policy and institutions for environmental sustainability rating (1=low to 6=high),Total,All age ranges or no breakdown by age,Total,1-6 scale,Not Applicable,Not Applicable,Not Applicable,Not Applicable,Index,Two,World Development Indicators (WDI),Annual,Units,Normal value,Public,3.0,3.0,3.0,3.5,3.5,3.5,3.5,3.5,3.5,3.5,3.5,3.5,3.5,3.5,3.5,3.5,3.5,3.5,3.5,3.5
datastructure,WB.DATA360:DS_DATA360(1.3),I,A,TCD,WB_WDI_IQ_CPA_ENVR_XQ,_T,_T,_T,1_TO_6,_Z,_Z,_Z,_Z,IX,2,WB_WDI,P1Y,CPIA policy and institutions for environmental sustainability rating (1=low to 6=high),0,WB_WDI,PU,A,Annual,Chad,CPIA policy and institutions for environmental sustainability rating (1=low to 6=high),Total,All age ranges or no breakdown by age,Total,1-6 scale,Not Applicable,Not Applicable,Not Applicable,Not Applicable,Index,Two,World Development Indicators (WDI),Annual,Units,Normal value,Public,2.5,2.5,2.5,2.0,2.0,2.0,2.5,2.5,2.5,2.5,2.5,2.5,2.5,2.5,3.0,3.0,3.0,2.5,2.5,3.0
datastructure,WB.DATA360:DS_DATA360(1.3),I,A,DJI,WB_WDI_IQ_CPA_ENVR_XQ,_T,_T,_T,1_TO_6,_Z,_Z,_Z,_Z,IX,2,WB_WDI,P1Y,CPIA policy and institutions for environmental sustainability rating (1=low to 6=high),0,WB_WDI,PU,A,Annual,Djibouti,CPIA policy and institutions for environmental sustainability rating (1=low to 6=high),Total,All age ranges or no breakdown by age,Total,1-6 scale,Not Applicable,Not Applicable,Not Applicable,Not Applicable,Index,Two,World Development Indicators (WDI),Annual,Units,Normal value,Public,3.0,3.0,3.0,3.0,3.5,3.5,2.5,2.5,2.5,2.5,2.5,2.5,2.5,2.5,2.5,2.5,2.5,2.5,2.5,2.5
datastructure,WB.DATA360:DS_DATA360(1.3),I,A,WSM,WB_WDI_IQ_CPA_ENVR_XQ,_T,_T,_T,1_TO_6,_Z,_Z,_Z,_Z,IX,2,WB_WDI,P1Y,CPIA policy and institutions for environmental sustainability rating (1=low to 6=high),0,WB_WDI,PU,A,Annual,Samoa,CPIA policy and institutions for environmental sustainability rating (1=low to 6=high),Total,All age ranges or no breakdown by age,Total,1-6 scale,Not Applicable,Not Applicable,Not Applicable,Not Applicable,Index,Two,World Development Indicators (WDI),Annual,Units,Normal value,Public,4.0,4.0,4.0,4.0,4.0,4.0,4.0,4.0,4.0,3.5,3.5,3.5,3.5,3.5,3.5,3.5,3.5,3.5,3.5,3.5
datastructure,WB.DATA360:DS_DATA360(1.3),I,A,BEN,WB_WDI_IQ_CPA_ENVR_XQ,_T,_T,_T,1_TO_6,_Z,_Z,_Z,_Z,IX,2,WB_WDI,P1Y,CPIA policy and institutions for environmental sustainability rating (1=low to 6=high),0,WB_WDI,PU,A,Annual,Benin,CPIA policy and institutions for environmental sustainability rating (1=low to 6=high),Total,All age ranges or no breakdown by age,Total,1-6 scale,Not Applicable,Not Applicable,Not Applicable,Not Applicable,Index,Two,World Development Indicators (WDI),Annual,Units,Normal value,Public,3.5,3.5,3.5,3.5,3.5,3.5,3.5,3.5,3.5,3.5,3.5,3.5,3.5,3.5,3.5,3.5,3.5,3.5,3.5,4.0
datastructure,WB.DATA360:DS_DATA360(1.3),I,A,PST,WB_WDI_IQ_CPA_ENVR_XQ,_T,_T,_T,1_TO_6,_Z,_Z,_Z,_Z,IX,2,WB_WDI,P1Y,CPIA policy and institutions for environmental sustainability rating (1=low to 6=high),0,WB_WDI,PU,A,Annual,Post-demographic dividend,CPIA policy and institutions for environmental sustainability rating (1=low to 6=high),Total,All age ranges or no breakdown by age,Total,1-6 scale,Not Applicable,Not Applicable,Not Applicable,Not Applicable,Index,Two,World Development Indicators (WDI),Annual,Units,Normal value,Public,3.0,3.5,3.5,3.5,3.5,3.5,3.5,3.5,3.5,,,,,,,,,,,
datastructure,WB.DATA360:DS_DATA360(1.3),I,A,ETH,WB_WDI_IQ_CPA_ENVR_XQ,_T,_T,_T,1_TO_6,_Z,_Z,_Z,_Z,IX,2,WB_WDI,P1Y,CPIA policy and institutions for environmental sustainability rating (1=low to 6=high),0,WB_WDI,PU,A,Annual,Ethiopia,CPIA policy and institutions for environmental sustainability rating (1=low to 6=high),Total,All age ranges or no breakdown by age,Total,1-6 scale,Not Applicable,Not Applicable,Not Applicable,Not Applicable,Index,Two,World Development Indicators (WDI),Annual,Units,Normal value,Public,3.5,3.5,3.5,3.0,3.0,3.0,3.5,3.5,3.5,3.5,4.0,3.5,3.5,3.5,3.5,3.5,3.0,3.5,3.5,3.5
datastructure,WB.DATA360:DS_DATA360(1.3),I,A,SSD,WB_WDI_IQ_CPA_ENVR_XQ,_T,_T,_T,1_TO_6,_Z,_Z,_Z,_Z,IX,2,WB_WDI,P1Y,CPIA policy and institutions for environmental sustainability rating (1=low to 6=high),0,WB_WDI,PU,A,Annual,South Sudan,CPIA policy and institutions for environmental sustainability rating (1=low to 6=high),Total,All age ranges or no breakdown by age,Total,1-6 scale,Not Applicable,Not Applicable,Not Applicable,Not Applicable,Index,Two,World Development Indicators (WDI),Annual,Units,Normal value,Public,,,,,,,,2.5,2.0,2.0,2.0,1.0,1.0,1.0,1.0,1.0,1.0,1.0,1.0,1.0
datastructure,WB.DATA360:DS_DATA360(1.3),I,A,SUR,WB_WDI_IQ_CPA_ENVR_XQ,_T,_T,_T,1_TO_6,_Z,_Z,_Z,_Z,IX,2,WB_WDI,P1Y,CPIA policy and institutions for environmental sustainability rating (1=low to 6=high),0,WB_WDI,PU,A,Annual,Suriname,CPIA policy and institutions for environmental sustainability rating (1=low to 6=high),Total,All age ranges or no breakdown by age,Total,1-6 scale,Not Applicable,Not Applicable,Not Applicable,Not Applicable,Index,Two,World Development Indicators (WDI),Annual,Units,Normal value,Public,,,,,,,,,,,,,,,,,,,,3.0
datastructure,WB.DATA360:DS_DATA360(1.3),I,A,MHL,WB_WDI_IQ_CPA_ENVR_XQ,_T,_T,_T,1_TO_6,_Z,_Z,_Z,_Z,IX,2,WB_WDI,P1Y,CPIA policy and institutions for environmental sustainability rating (1=low to 6=high),0,WB_WDI,PU,A,Annual,Marshall Islands,CPIA policy and institutions for environmental sustainability rating (1=low to 6=high),Total,All age ranges or no breakdown by age,Total,1-6 scale,Not Applicable,Not Applicable,Not Applicable,Not Applicable,Index,Two,World Development Indicators (WDI),Annual,Units,Normal value,Public,,,,,,,3.0,3.0,3.0,3.0,3.0,3.0,3.0,3.0,3.0,3.0,3.0,3.0,3.0,3.0
datastructure,WB.DATA360:DS_DATA360(1.3),I,A,IBT,WB_WDI_IQ_CPA_ENVR_XQ,_T,_T,_T,1_TO_6,_Z,_Z,_Z,_Z,IX,2,WB_WDI,P1Y,CPIA policy and institutions for environmental sustainability rating (1=low to 6=high),0,WB_WDI,PU,A,Annual,IDA & IBRD total,CPIA policy and institutions for environmental sustainability rating (1=low to 6=high),Total,All age ranges or no breakdown by age,Total,1-6 scale,Not Applicable,Not Applicable,Not Applicable,Not Applicable,Index,Two,World Development Indicators (WDI),Annual,Units,Normal value,Public,3.111842105263158,3.0576923076923075,3.0933333333333333,3.0866666666666664,3.0844155844155843,3.1103896103896105,3.121794871794872,3.1375,3.111111111111111,3.151315789473684,3.1710526315789473,3.1301369863013697,3.114864864864865,3.143835616438356,3.18,3.1986301369863015,3.1666666666666665,3.195945945945946,3.189189189189189,3.207792207792208
datastructure,WB.DATA360:DS_DATA360(1.3),I,A,FSM,WB_WDI_IQ_CPA_ENVR_XQ,_T,_T,_T,1_TO_6,_Z,_Z,_Z,_Z,IX,2,WB_WDI,P1Y,CPIA policy and institutions for environmental sustainability rating (1=low to 6=high),0,WB_WDI,PU,A,Annual,"Micronesia, Fed. Sts.",CPIA policy and institutions for environmental sustainability rating (1=low to 6=high),Total,All age ranges or no breakdown by age,Total,1-6 scale,Not Applicable,Not Applicable,Not Applicable,Not Applicable,Index,Two,World Development Indicators (WDI),Annual,Units,Normal value,Public,,,,,,,3.0,3.0,3.0,3.0,3.0,2.5,2.5,2.5,2.5,3.0,3.0,3.0,3.0,3.0
datastructure,WB.DATA360:DS_DATA360(1.3),I,A,AFE,WB_WDI_IQ_CPA_ENVR_XQ,_T,_T,_T,1_TO_6,_Z,_Z,_Z,_Z,IX,2,WB_WDI,P1Y,CPIA policy and institutions for environmental sustainability rating (1=low to 6=high),0,WB_WDI,PU,A,Annual,Eastern & Southern Africa,CPIA policy and institutions for environmental sustainability rating (1=low to 6=high),Total,All age ranges or no breakdown by age,Total,1-6 scale,Not Applicable,Not Applicable,Not Applicable,Not Applicable,Index,Two,World Development Indicators (WDI),Annual,Units,Normal value,Public,3.0,3.0277777777777777,3.0555555555555554,2.9722222222222223,2.9444444444444446,3.0,3.0833333333333335,3.0789473684210527,3.0526315789473686,3.111111111111111,3.1666666666666665,3.111111111111111,3.0789473684210527,3.111111111111111,3.0789473684210527,3.1315789473684212,3.1315789473684212,3.1842105263157894,3.1578947368421053,3.125
datastructure,WB.DATA360:DS_DATA360(1.3),I,A,IDA,WB_WDI_IQ_CPA_ENVR_XQ,_T,_T,_T,1_TO_6,_Z,_Z,_Z,_Z,IX,2,WB_WDI,P1Y,CPIA policy and institutions for environmental sustainability rating (1=low to 6=high),0,WB_WDI,PU,A,Annual,IDA total,CPIA policy and institutions for environmental sustainability rating (1=low to 6=high),Total,All age ranges or no breakdown by age,Total,1-6 scale,Not Applicable,Not Applicable,Not Applicable,Not Applicable,Index,Two,World Development Indicators (WDI),Annual,Units,Normal value,Public,3.1031746031746033,3.0384615384615383,3.0615384615384613,3.0615384615384613,3.0597014925373136,3.082089552238806,3.101449275362319,3.1056338028169015,3.076388888888889,3.1180555555555554,3.138888888888889,3.112676056338028,3.0972222222222223,3.1267605633802815,3.164383561643836,3.1986301369863015,3.1666666666666665,3.195945945945946,3.189189189189189,3.207792207792208
datastructure,WB.DATA360:DS_DATA360(1.3),I,A,FCS,WB_WDI_IQ_CPA_ENVR_XQ,_T,_T,_T,1_TO_6,_Z,_Z,_Z,_Z,IX,2,WB_WDI,P1Y,CPIA policy and institutions for environmental sustainability rating (1=low to 6=high),0,WB_WDI,PU,A,Annual,Fragile and conflict affected situations,CPIA policy and institutions for environmental sustainability rating (1=low to 6=high),Total,All age ranges or no breakdown by age,Total,1-6 scale,Not Applicable,Not Applicable,Not Applicable,Not Applicable,Index,Two,World Development Indicators (WDI),Annual,Units,Normal value,Public,2.760869565217391,2.6,2.66,2.6,2.6346153846153846,2.7115384615384617,2.875,2.9,2.8225806451612905,2.838709677419355,2.903225806451613,2.8225806451612905,2.765625,2.806451612903226,2.828125,2.875,2.8225806451612905,2.828125,2.8125,2.84375
datastructure,WB.DATA360:DS_DATA360(1.3),I,A,MOZ,WB_WDI_IQ_CPA_ENVR_XQ,_T,_T,_T,1_TO_6,_Z,_Z,_Z,_Z,IX,2,WB_WDI,P1Y,CPIA policy and institutions for environmental sustainability rating (1=low to 6=high),0,WB_WDI,PU,A,Annual,Mozambique,CPIA policy and institutions for environmental sustainability rating (1=low to 6=high),Total,All age ranges or no breakdown by age,Total,1-6 scale,Not Applicable,Not Applicable,Not Applicable,Not Applicable,Index,Two,World Development Indicators (WDI),Annual,Units,Normal value,Public,3.0,3.0,3.0,3.0,3.0,3.5,3.0,3.5,3.5,3.5,3.5,3.5,3.5,3.5,3.5,3.5,3.5,3.5,3.5,3.5
datastructure,WB.DATA360:DS_DATA360(1.3),I,A,HTI,WB_WDI_IQ_CPA_ENVR_XQ,_T,_T,_T,1_TO_6,_Z,_Z,_Z,_Z,IX,2,WB_WDI,P1Y,CPIA policy and institutions for environmental sustainability rating (1=low to 6=high),0,WB_WDI,PU,A,Annual,Haiti,CPIA policy and institutions for environmental sustainability rating (1=low to 6=high),Total,All age ranges or no breakdown by age,Total,1-6 scale,Not Applicable,Not Applicable,Not Applicable,Not Applicable,Index,Two,World Development Indicators (WDI),Annual,Units,Normal value,Public,2.5,2.5,2.5,2.5,2.5,2.5,2.5,2.5,2.5,2.5,2.5,2.5,2.5,2.5,2.5,2.5,2.5,2.5,2.0,2.0
datastructure,WB.DATA360:DS_DATA360(1.3),I,A,MMR,WB_WDI_IQ_CPA_ENVR_XQ,_T,_T,_T,1_TO_6,_Z,_Z,_Z,_Z,IX,2,WB_WDI,P1Y,CPIA policy and institutions for environmental sustainability rating (1=low to 6=high),0,WB_WDI,PU,A,Annual,Myanmar,CPIA policy and institutions for environmental sustainability rating (1=low to 6=high),Total,All age ranges or no breakdown by age,Total,1-6 scale,Not Applicable,Not Applicable,Not Applicable,Not Applicable,Index,Two,World Development Indicators (WDI),Annual,Units,Normal value,Public,,,,,,,,,2.5,2.5,2.5,2.5,2.5,2.5,2.5,2.5,2.0,2.0,2.0,2.0
datastructure,WB.DATA360:DS_DATA360(1.3),I,A,MIC,WB_WDI_IQ_CPA_ENVR_XQ,_T,_T,_T,1_TO_6,_Z,_Z,_Z,_Z,IX,2,WB_WDI,P1Y,CPIA policy and institutions for environmental sustainability rating (1=low to 6=high),0,WB_WDI,PU,A,Annual,Middle income,CPIA policy and institutions for environmental sustainability rating (1=low to 6=high),Total,All age ranges or no breakdown by age,Total,1-6 scale,Not Applicable,Not Applicable,Not Applicable,Not Applicable,Index,Two,World Development Indicators (WDI),Annual,Units,Normal value,Public,3.1545454545454548,3.125,3.169811320754717,3.160377358490566,3.1666666666666665,3.1666666666666665,3.1363636363636362,3.1964285714285716,3.192982456140351,3.2211538461538463,3.2115384615384617,3.193877551020408,3.2142857142857144,3.2244897959183674,3.27,3.28125,3.2395833333333335,3.2857142857142856,3.2755102040816326,3.2884615384615383
datastructure,WB.DATA360:DS_DATA360(1.3),I,A,TLS,WB_WDI_IQ_CPA_ENVR_XQ,_T,_T,_T,1_TO_6,_Z,_Z,_Z,_Z,IX,2,WB_WDI,P1Y,CPIA policy and institutions for environmental sustainability rating (1=low to 6=high),0,WB_WDI,PU,A,Annual,Timor-Leste,CPIA policy and institutions for environmental sustainability rating (1=low to 6=high),Total,All age ranges or no breakdown by age,Total,1-6 scale,Not Applicable,Not Applicable,Not Applicable,Not Applicable,Index,Two,World Development Indicators (WDI),Annual,Units,Normal value,Public,,2.0,2.5,2.5,2.5,2.5,2.0,2.0,2.0,2.0,2.0,2.0,2.0,2.0,2.0,2.0,2.0,2.0,2.0,2.0
datastructure,WB.DATA360:DS_DATA360(1.3),I,A,XKX,WB_WDI_IQ_CPA_ENVR_XQ,_T,_T,_T,1_TO_6,_Z,_Z,_Z,_Z,IX,2,WB_WDI,P1Y,CPIA policy and institutions for environmental sustainability rating (1=low to 6=high),0,WB_WDI,PU,A,Annual,Kosovo,CPIA policy and institutions for environmental sustainability rating (1=low to 6=high),Total,All age ranges or no breakdown by age,Total,1-6 scale,Not Applicable,Not Applicable,Not Applicable,Not Applicable,Index,Two,World Development Indicators (WDI),Annual,Units,Normal value,Public,,,,,3.0,3.0,2.5,3.0,3.0,3.0,3.0,3.0,3.0,3.0,3.5,3.5,3.5,3.5,3.5,3.5
datastructure,WB.DATA360:DS_DATA360(1.3),I,A,MWI,WB_WDI_IQ_CPA_ENVR_XQ,_T,_T,_T,1_TO_6,_Z,_Z,_Z,_Z,IX,2,WB_WDI,P1Y,CPIA policy and institutions for environmental sustainability rating (1=low to 6=high),0,WB_WDI,PU,A,Annual,Malawi,CPIA policy and institutions for environmental sustainability rating (1=low to 6=high),Total,All age ranges or no breakdown by age,Total,1-6 scale,Not Applicable,Not Applicable,Not Applicable,Not Applicable,Index,Two,World Development Indicators (WDI),Annual,Units,Normal value,Public,3.5,3.5,3.5,3.5,3.5,3.5,4.0,3.5,3.5,3.5,3.5,3.5,3.5,3.5,3.5,3.5,3.5,3.5,3.0,2.5
datastructure,WB.DATA360:DS_DATA360(1.3),I,A,TZA,WB_WDI_IQ_CPA_ENVR_XQ,_T,_T,_T,1_TO_6,_Z,_Z,_Z,_Z,IX,2,WB_WDI,P1Y,CPIA policy and institutions for environmental sustainability rating (1=low to 6=high),0,WB_WDI,PU,A,Annual,Tanzania,CPIA policy and institutions for environmental sustainability rating (1=low to 6=high),Total,All age ranges or no breakdown by age,Total,1-6 scale,Not Applicable,Not Applicable,Not Applicable,Not Applicable,Index,Two,World Development Indicators (WDI),Annual,Units,Normal value,Public,3.5,3.5,3.5,3.5,3.5,3.5,3.0,3.5,3.5,3.5,3.0,3.0,3.5,3.0,3.0,3.0,3.0,3.0,3.0,3.0
datastructure,WB.DATA360:DS_DATA360(1.3),I,A,NGA,WB_WDI_IQ_CPA_ENVR_XQ,_T,_T,_T,1_TO_6,_Z,_Z,_Z,_Z,IX,2,WB_WDI,P1Y,CPIA policy and institutions for environmental sustainability rating (1=low to 6=high),0,WB_WDI,PU,A,Annual,Nigeria,CPIA policy and institutions for environmental sustainability rating (1=low to 6=high),Total,All age ranges or no breakdown by age,Total,1-6 scale,Not Applicable,Not Applicable,Not Applicable,Not Applicable,Index,Two,World Development Indicators (WDI),Annual,Units,Normal value,Public,3.0,3.0,3.0,3.0,3.0,3.0,3.5,3.5,3.5,3.5,3.5,3.5,3.5,3.5,3.5,3.5,3.5,3.5,3.0,3.0
datastructure,WB.DATA360:DS_DATA360(1.3),I,A,GIN,WB_WDI_IQ_CPA_ENVR_XQ,_T,_T,_T,1_TO_6,_Z,_Z,_Z,_Z,IX,2,WB_WDI,P1Y,CPIA policy and institutions for environmental sustainability rating (1=low to 6=high),0,WB_WDI,PU,A,Annual,Guinea,CPIA policy and institutions for environmental sustainability rating (1=low to 6=high),Total,All age ranges or no breakdown by age,Total,1-6 scale,Not Applicable,Not Applicable,Not Applicable,Not Applicable,Index,Two,World Development Indicators (WDI),Annual,Units,Normal value,Public,2.5,2.5,2.5,2.5,2.5,2.5,2.5,3.0,3.0,3.5,3.5,3.5,3.5,3.5,4.0,4.0,4.0,4.0,4.0,4.0
datastructure,WB.DATA360:DS_DATA360(1.3),I,A,MDA,WB_WDI_IQ_CPA_ENVR_XQ,_T,_T,_T,1_TO_6,_Z,_Z,_Z,_Z,IX,2,WB_WDI,P1Y,CPIA policy and institutions for environmental sustainability rating (1=low to 6=high),0,WB_WDI,PU,A,Annual,Moldova,CPIA policy and institutions for environmental sustainability rating (1=low to 6=high),Total,All age ranges or no breakdown by age,Total,1-6 scale,Not Applicable,Not Applicable,Not Applicable,Not Applicable,Index,Two,World Development Indicators (WDI),Annual,Units,Normal value,Public,3.5,3.5,3.5,3.5,3.5,4.0,4.0,4.0,4.0,4.0,4.0,4.0,4.0,4.0,4.0,,,,,
datastructure,WB.DATA360:DS_DATA360(1.3),I,A,NIC,WB_WDI_IQ_CPA_ENVR_XQ,_T,_T,_T,1_TO_6,_Z,_Z,_Z,_Z,IX,2,WB_WDI,P1Y,CPIA policy and institutions for environmental sustainability rating (1=low to 6=high),0,WB_WDI,PU,A,Annual,Nicaragua,CPIA policy and institutions for environmental sustainability rating (1=low to 6=high),Total,All age ranges or no breakdown by age,Total,1-6 scale,Not Applicable,Not Applicable,Not Applicable,Not Applicable,Index,Two,World Development Indicators (WDI),Annual,Units,Normal value,Public,3.5,3.5,3.5,3.5,3.5,3.5,3.5,3.5,3.5,3.5,3.5,3.5,3.0,3.0,3.0,3.0,2.5,2.5,2.5,2.5
datastructure,WB.DATA360:DS_DATA360(1.3),I,A,STP,WB_WDI_IQ_CPA_ENVR_XQ,_T,_T,_T,1_TO_6,_Z,_Z,_Z,_Z,IX,2,WB_WDI,P1Y,CPIA policy and institutions for environmental sustainability rating (1=low to 6=high),0,WB_WDI,PU,A,Annual,São Tomé and Príncipe,CPIA policy and institutions for environmental sustainability rating (1=low to 6=high),Total,All age ranges or no breakdown by age,Total,1-6 scale,Not Applicable,Not Applicable,Not Applicable,Not Applicable,Index,Two,World Development Indicators (WDI),Annual,Units,Normal value,Public,2.5,2.5,2.5,2.5,2.5,3.0,3.5,3.5,3.5,3.5,3.5,3.5,3.5,3.5,3.5,3.5,3.5,3.5,3.5,3.5
datastructure,WB.DATA360:DS_DATA360(1.3),I,A,VCT,WB_WDI_IQ_CPA_ENVR_XQ,_T,_T,_T,1_TO_6,_Z,_Z,_Z,_Z,IX,2,WB_WDI,P1Y,CPIA policy and institutions for environmental sustainability rating (1=low to 6=high),0,WB_WDI,PU,A,Annual,St. Vincent and the Grenadines,CPIA policy and institutions for environmental sustainability rating (1=low to 6=high),Total,All age ranges or no breakdown by age,Total,1-6 scale,Not Applicable,Not Applicable,Not Applicable,Not Applicable,Index,Two,World Development Indicators (WDI),Annual,Units,Normal value,Public,3.5,3.5,3.5,3.5,3.5,3.5,3.5,3.5,3.5,3.5,3.5,3.5,3.5,3.5,3.5,4.0,3.5,3.5,3.5,3.5
datastructure,WB.DATA360:DS_DATA360(1.3),I,A,LIC,WB_WDI_IQ_CPA_ENVR_XQ,_T,_T,_T,1_TO_6,_Z,_Z,_Z,_Z,IX,2,WB_WDI,P1Y,CPIA policy and institutions for environmental sustainability rating (1=low to 6=high),0,WB_WDI,PU,A,Annual,Low income,CPIA policy and institutions for environmental sustainability rating (1=low to 6=high),Total,All age ranges or no breakdown by age,Total,1-6 scale,Not Applicable,Not Applicable,Not Applicable,Not Applicable,Index,Two,World Development Indicators (WDI),Annual,Units,Normal value,Public,2.973684210526316,2.85,2.875,2.9,2.880952380952381,2.9761904761904763,3.0952380952380953,3.0,2.909090909090909,3.0,3.0681818181818183,3.0,2.9130434782608696,2.9545454545454546,2.9782608695652173,3.0217391304347827,3.022727272727273,3.0,3.0,3.0217391304347827
datastructure,WB.DATA360:DS_DATA360(1.3),I,A,GMB,WB_WDI_IQ_CPA_ENVR_XQ,_T,_T,_T,1_TO_6,_Z,_Z,_Z,_Z,IX,2,WB_WDI,P1Y,CPIA policy and institutions for environmental sustainability rating (1=low to 6=high),0,WB_WDI,PU,A,Annual,"Gambia, The",CPIA policy and institutions for environmental sustainability rating (1=low to 6=high),Total,All age ranges or no breakdown by age,Total,1-6 scale,Not Applicable,Not Applicable,Not Applicable,Not Applicable,Index,Two,World Development Indicators (WDI),Annual,Units,Normal value,Public,3.0,3.0,3.0,3.5,3.5,3.5,3.5,3.5,3.5,3.5,3.5,3.5,3.5,3.5,3.5,3.5,3.5,3.5,3.5,3.5
datastructure,WB.DATA360:DS_DATA360(1.3),I,A,MEA,WB_WDI_IQ_CPA_ENVR_XQ,_T,_T,_T,1_TO_6,_Z,_Z,_Z,_Z,IX,2,WB_WDI,P1Y,CPIA policy and institutions for environmental sustainability rating (1=low to 6=high),0,WB_WDI,PU,A,Annual,"Middle East, North Africa, Afghanistan & Pakistan",CPIA policy and institutions for environmental sustainability rating (1=low to 6=high),Total,All age ranges or no breakdown by age,Total,1-6 scale,Not Applicable,Not Applicable,Not Applicable,Not Applicable,Index,Two,World Development Indicators (WDI),Annual,Units,Normal value,Public,3.1666666666666665,2.875,2.875,3.0,3.125,3.0,2.75,2.625,2.625,2.75,2.75,2.75,2.625,2.625,2.625,2.625,2.6666666666666665,2.5,2.5,2.5
datastructure,WB.DATA360:DS_DATA360(1.3),I,A,BIH,WB_WDI_IQ_CPA_ENVR_XQ,_T,_T,_T,1_TO_6,_Z,_Z,_Z,_Z,IX,2,WB_WDI,P1Y,CPIA policy and institutions for environmental sustainability rating (1=low to 6=high),0,WB_WDI,PU,A,Annual,Bosnia and Herzegovina,CPIA policy and institutions for environmental sustainability rating (1=low to 6=high),Total,All age ranges or no breakdown by age,Total,1-6 scale,Not Applicable,Not Applicable,Not Applicable,Not Applicable,Index,Two,World Development Indicators (WDI),Annual,Units,Normal value,Public,3.0,3.5,3.5,3.5,3.5,3.5,3.5,3.5,3.5,,,,,,,,,,,
datastructure,WB.DATA360:DS_DATA360(1.3),I,A,SLB,WB_WDI_IQ_CPA_ENVR_XQ,_T,_T,_T,1_TO_6,_Z,_Z,_Z,_Z,IX,2,WB_WDI,P1Y,CPIA policy and institutions for environmental sustainability rating (1=low to 6=high),0,WB_WDI,PU,A,Annual,Solomon Islands,CPIA policy and institutions for environmental sustainability rating (1=low to 6=high),Total,All age ranges or no breakdown by age,Total,1-6 scale,Not Applicable,Not Applicable,Not Applicable,Not Applicable,Index,Two,World Development Indicators (WDI),Annual,Units,Normal value,Public,2.0,2.0,2.0,2.0,2.0,2.0,2.0,2.5,2.5,2.5,2.5,2.5,2.5,2.5,2.5,2.5,2.5,2.5,2.5,2.5
